source_image,target_image,sample_index,combined_image,output_image
/storage/users/multicog/mehul/RealismGuidance/data/source/27003.jpg,/storage/users/multicog/mehul/RealismGuidance/data/target/28769.jpg,0,/storage/users/multicog/mehul/RealismGuidance/output/checkpoints/batch/2026-04-21-23-23-20/27003__28769/n08/img/27003__28769__final__s00__combined.png,/storage/users/multicog/mehul/RealismGuidance/output/checkpoints/batch/2026-04-21-23-23-20/27003__28769/n08/img/27003__28769__final__s00.png
/storage/users/multicog/mehul/RealismGuidance/data/source/27003.jpg,/storage/users/multicog/mehul/RealismGuidance/data/target/28769.jpg,1,/storage/users/multicog/mehul/RealismGuidance/output/checkpoints/batch/2026-04-21-23-23-20/27003__28769/n08/img/27003__28769__final__s01__combined.png,/storage/users/multicog/mehul/RealismGuidance/output/checkpoints/batch/2026-04-21-23-23-20/27003__28769/n08/img/27003__28769__final__s01.png
/storage/users/multicog/mehul/RealismGuidance/data/source/27003.jpg,/storage/users/multicog/mehul/RealismGuidance/data/target/28769.jpg,2,/storage/users/multicog/mehul/RealismGuidance/output/checkpoints/batch/2026-04-21-23-23-20/27003__28769/n08/img/27003__28769__final__s02__combined.png,/storage/users/multicog/mehul/RealismGuidance/output/checkpoints/batch/2026-04-21-23-23-20/27003__28769/n08/img/27003__28769__final__s02.png
/storage/users/multicog/mehul/RealismGuidance/data/source/27003.jpg,/storage/users/multicog/mehul/RealismGuidance/data/target/28769.jpg,3,/storage/users/multicog/mehul/RealismGuidance/output/checkpoints/batch/2026-04-21-23-23-20/27003__28769/n08/img/27003__28769__final__s03__combined.png,/storage/users/multicog/mehul/RealismGuidance/output/checkpoints/batch/2026-04-21-23-23-20/27003__28769/n08/img/27003__28769__final__s03.png
/storage/users/multicog/mehul/RealismGuidance/data/source/27003.jpg,/storage/users/multicog/mehul/RealismGuidance/data/target/28769.jpg,4,/storage/users/multicog/mehul/RealismGuidance/output/checkpoints/batch/2026-04-21-23-23-20/27003__28769/n08/img/27003__28769__final__s04__combined.png,/storage/users/multicog/mehul/RealismGuidance/output/checkpoints/batch/2026-04-21-23-23-20/27003__28769/n08/img/27003__28769__final__s04.png
/storage/users/multicog/mehul/RealismGuidance/data/source/27003.jpg,/storage/users/multicog/mehul/RealismGuidance/data/target/28769.jpg,5,/storage/users/multicog/mehul/RealismGuidance/output/checkpoints/batch/2026-04-21-23-23-20/27003__28769/n08/img/27003__28769__final__s05__combined.png,/storage/users/multicog/mehul/RealismGuidance/output/checkpoints/batch/2026-04-21-23-23-20/27003__28769/n08/img/27003__28769__final__s05.png
/storage/users/multicog/mehul/RealismGuidance/data/source/27003.jpg,/storage/users/multicog/mehul/RealismGuidance/data/target/28769.jpg,6,/storage/users/multicog/mehul/RealismGuidance/output/checkpoints/batch/2026-04-21-23-23-20/27003__28769/n08/img/27003__28769__final__s06__combined.png,/storage/users/multicog/mehul/RealismGuidance/output/checkpoints/batch/2026-04-21-23-23-20/27003__28769/n08/img/27003__28769__final__s06.png
/storage/users/multicog/mehul/RealismGuidance/data/source/27003.jpg,/storage/users/multicog/mehul/RealismGuidance/data/target/28769.jpg,7,/storage/users/multicog/mehul/RealismGuidance/output/checkpoints/batch/2026-04-21-23-23-20/27003__28769/n08/img/27003__28769__final__s07__combined.png,/storage/users/multicog/mehul/RealismGuidance/output/checkpoints/batch/2026-04-21-23-23-20/27003__28769/n08/img/27003__28769__final__s07.png
/storage/users/multicog/mehul/RealismGuidance/data/source/26373.jpg,/storage/users/multicog/mehul/RealismGuidance/data/target/18636.jpg,0,/storage/users/multicog/mehul/RealismGuidance/output/checkpoints/batch/2026-04-21-23-23-20/26373__18636/n08/img/26373__18636__final__s00__combined.png,/storage/users/multicog/mehul/RealismGuidance/output/checkpoints/batch/2026-04-21-23-23-20/26373__18636/n08/img/26373__18636__final__s00.png
/storage/users/multicog/mehul/RealismGuidance/data/source/26373.jpg,/storage/users/multicog/mehul/RealismGuidance/data/target/18636.jpg,1,/storage/users/multicog/mehul/RealismGuidance/output/checkpoints/batch/2026-04-21-23-23-20/26373__18636/n08/img/26373__18636__final__s01__combined.png,/storage/users/multicog/mehul/RealismGuidance/output/checkpoints/batch/2026-04-21-23-23-20/26373__18636/n08/img/26373__18636__final__s01.png
/storage/users/multicog/mehul/RealismGuidance/data/source/26373.jpg,/storage/users/multicog/mehul/RealismGuidance/data/target/18636.jpg,2,/storage/users/multicog/mehul/RealismGuidance/output/checkpoints/batch/2026-04-21-23-23-20/26373__18636/n08/img/26373__18636__final__s02__combined.png,/storage/users/multicog/mehul/RealismGuidance/output/checkpoints/batch/2026-04-21-23-23-20/26373__18636/n08/img/26373__18636__final__s02.png
/storage/users/multicog/mehul/RealismGuidance/data/source/26373.jpg,/storage/users/multicog/mehul/RealismGuidance/data/target/18636.jpg,3,/storage/users/multicog/mehul/RealismGuidance/output/checkpoints/batch/2026-04-21-23-23-20/26373__18636/n08/img/26373__18636__final__s03__combined.png,/storage/users/multicog/mehul/RealismGuidance/output/checkpoints/batch/2026-04-21-23-23-20/26373__18636/n08/img/26373__18636__final__s03.png
/storage/users/multicog/mehul/RealismGuidance/data/source/26373.jpg,/storage/users/multicog/mehul/RealismGuidance/data/target/18636.jpg,4,/storage/users/multicog/mehul/RealismGuidance/output/checkpoints/batch/2026-04-21-23-23-20/26373__18636/n08/img/26373__18636__final__s04__combined.png,/storage/users/multicog/mehul/RealismGuidance/output/checkpoints/batch/2026-04-21-23-23-20/26373__18636/n08/img/26373__18636__final__s04.png
/storage/users/multicog/mehul/RealismGuidance/data/source/26373.jpg,/storage/users/multicog/mehul/RealismGuidance/data/target/18636.jpg,5,/storage/users/multicog/mehul/RealismGuidance/output/checkpoints/batch/2026-04-21-23-23-20/26373__18636/n08/img/26373__18636__final__s05__combined.png,/storage/users/multicog/mehul/RealismGuidance/output/checkpoints/batch/2026-04-21-23-23-20/26373__18636/n08/img/26373__18636__final__s05.png
/storage/users/multicog/mehul/RealismGuidance/data/source/26373.jpg,/storage/users/multicog/mehul/RealismGuidance/data/target/18636.jpg,6,/storage/users/multicog/mehul/RealismGuidance/output/checkpoints/batch/2026-04-21-23-23-20/26373__18636/n08/img/26373__18636__final__s06__combined.png,/storage/users/multicog/mehul/RealismGuidance/output/checkpoints/batch/2026-04-21-23-23-20/26373__18636/n08/img/26373__18636__final__s06.png
/storage/users/multicog/mehul/RealismGuidance/data/source/26373.jpg,/storage/users/multicog/mehul/RealismGuidance/data/target/18636.jpg,7,/storage/users/multicog/mehul/RealismGuidance/output/checkpoints/batch/2026-04-21-23-23-20/26373__18636/n08/img/26373__18636__final__s07__combined.png,/storage/users/multicog/mehul/RealismGuidance/output/checkpoints/batch/2026-04-21-23-23-20/26373__18636/n08/img/26373__18636__final__s07.png
/storage/users/multicog/mehul/RealismGuidance/data/source/03301.jpg,/storage/users/multicog/mehul/RealismGuidance/data/target/27544.jpg,0,/storage/users/multicog/mehul/RealismGuidance/output/checkpoints/batch/2026-04-21-23-23-20/03301__27544/n08/img/03301__27544__final__s00__combined.png,/storage/users/multicog/mehul/RealismGuidance/output/checkpoints/batch/2026-04-21-23-23-20/03301__27544/n08/img/03301__27544__final__s00.png
/storage/users/multicog/mehul/RealismGuidance/data/source/03301.jpg,/storage/users/multicog/mehul/RealismGuidance/data/target/27544.jpg,1,/storage/users/multicog/mehul/RealismGuidance/output/checkpoints/batch/2026-04-21-23-23-20/03301__27544/n08/img/03301__27544__final__s01__combined.png,/storage/users/multicog/mehul/RealismGuidance/output/checkpoints/batch/2026-04-21-23-23-20/03301__27544/n08/img/03301__27544__final__s01.png
/storage/users/multicog/mehul/RealismGuidance/data/source/03301.jpg,/storage/users/multicog/mehul/RealismGuidance/data/target/27544.jpg,2,/storage/users/multicog/mehul/RealismGuidance/output/checkpoints/batch/2026-04-21-23-23-20/03301__27544/n08/img/03301__27544__final__s02__combined.png,/storage/users/multicog/mehul/RealismGuidance/output/checkpoints/batch/2026-04-21-23-23-20/03301__27544/n08/img/03301__27544__final__s02.png
/storage/users/multicog/mehul/RealismGuidance/data/source/03301.jpg,/storage/users/multicog/mehul/RealismGuidance/data/target/27544.jpg,3,/storage/users/multicog/mehul/RealismGuidance/output/checkpoints/batch/2026-04-21-23-23-20/03301__27544/n08/img/03301__27544__final__s03__combined.png,/storage/users/multicog/mehul/RealismGuidance/output/checkpoints/batch/2026-04-21-23-23-20/03301__27544/n08/img/03301__27544__final__s03.png
/storage/users/multicog/mehul/RealismGuidance/data/source/03301.jpg,/storage/users/multicog/mehul/RealismGuidance/data/target/27544.jpg,4,/storage/users/multicog/mehul/RealismGuidance/output/checkpoints/batch/2026-04-21-23-23-20/03301__27544/n08/img/03301__27544__final__s04__combined.png,/storage/users/multicog/mehul/RealismGuidance/output/checkpoints/batch/2026-04-21-23-23-20/03301__27544/n08/img/03301__27544__final__s04.png
/storage/users/multicog/mehul/RealismGuidance/data/source/03301.jpg,/storage/users/multicog/mehul/RealismGuidance/data/target/27544.jpg,5,/storage/users/multicog/mehul/RealismGuidance/output/checkpoints/batch/2026-04-21-23-23-20/03301__27544/n08/img/03301__27544__final__s05__combined.png,/storage/users/multicog/mehul/RealismGuidance/output/checkpoints/batch/2026-04-21-23-23-20/03301__27544/n08/img/03301__27544__final__s05.png
/storage/users/multicog/mehul/RealismGuidance/data/source/03301.jpg,/storage/users/multicog/mehul/RealismGuidance/data/target/27544.jpg,6,/storage/users/multicog/mehul/RealismGuidance/output/checkpoints/batch/2026-04-21-23-23-20/03301__27544/n08/img/03301__27544__final__s06__combined.png,/storage/users/multicog/mehul/RealismGuidance/output/checkpoints/batch/2026-04-21-23-23-20/03301__27544/n08/img/03301__27544__final__s06.png
/storage/users/multicog/mehul/RealismGuidance/data/source/03301.jpg,/storage/users/multicog/mehul/RealismGuidance/data/target/27544.jpg,7,/storage/users/multicog/mehul/RealismGuidance/output/checkpoints/batch/2026-04-21-23-23-20/03301__27544/n08/img/03301__27544__final__s07__combined.png,/storage/users/multicog/mehul/RealismGuidance/output/checkpoints/batch/2026-04-21-23-23-20/03301__27544/n08/img/03301__27544__final__s07.png
/storage/users/multicog/mehul/RealismGuidance/data/source/10663.jpg,/storage/users/multicog/mehul/RealismGuidance/data/target/01363.jpg,0,/storage/users/multicog/mehul/RealismGuidance/output/checkpoints/batch/2026-04-21-23-23-20/10663__01363/n08/img/10663__01363__final__s00__combined.png,/storage/users/multicog/mehul/RealismGuidance/output/checkpoints/batch/2026-04-21-23-23-20/10663__01363/n08/img/10663__01363__final__s00.png
/storage/users/multicog/mehul/RealismGuidance/data/source/10663.jpg,/storage/users/multicog/mehul/RealismGuidance/data/target/01363.jpg,1,/storage/users/multicog/mehul/RealismGuidance/output/checkpoints/batch/2026-04-21-23-23-20/10663__01363/n08/img/10663__01363__final__s01__combined.png,/storage/users/multicog/mehul/RealismGuidance/output/checkpoints/batch/2026-04-21-23-23-20/10663__01363/n08/img/10663__01363__final__s01.png
/storage/users/multicog/mehul/RealismGuidance/data/source/10663.jpg,/storage/users/multicog/mehul/RealismGuidance/data/target/01363.jpg,2,/storage/users/multicog/mehul/RealismGuidance/output/checkpoints/batch/2026-04-21-23-23-20/10663__01363/n08/img/10663__01363__final__s02__combined.png,/storage/users/multicog/mehul/RealismGuidance/output/checkpoints/batch/2026-04-21-23-23-20/10663__01363/n08/img/10663__01363__final__s02.png
/storage/users/multicog/mehul/RealismGuidance/data/source/10663.jpg,/storage/users/multicog/mehul/RealismGuidance/data/target/01363.jpg,3,/storage/users/multicog/mehul/RealismGuidance/output/checkpoints/batch/2026-04-21-23-23-20/10663__01363/n08/img/10663__01363__final__s03__combined.png,/storage/users/multicog/mehul/RealismGuidance/output/checkpoints/batch/2026-04-21-23-23-20/10663__01363/n08/img/10663__01363__final__s03.png
/storage/users/multicog/mehul/RealismGuidance/data/source/10663.jpg,/storage/users/multicog/mehul/RealismGuidance/data/target/01363.jpg,4,/storage/users/multicog/mehul/RealismGuidance/output/checkpoints/batch/2026-04-21-23-23-20/10663__01363/n08/img/10663__01363__final__s04__combined.png,/storage/users/multicog/mehul/RealismGuidance/output/checkpoints/batch/2026-04-21-23-23-20/10663__01363/n08/img/10663__01363__final__s04.png
/storage/users/multicog/mehul/RealismGuidance/data/source/10663.jpg,/storage/users/multicog/mehul/RealismGuidance/data/target/01363.jpg,5,/storage/users/multicog/mehul/RealismGuidance/output/checkpoints/batch/2026-04-21-23-23-20/10663__01363/n08/img/10663__01363__final__s05__combined.png,/storage/users/multicog/mehul/RealismGuidance/output/checkpoints/batch/2026-04-21-23-23-20/10663__01363/n08/img/10663__01363__final__s05.png
/storage/users/multicog/mehul/RealismGuidance/data/source/10663.jpg,/storage/users/multicog/mehul/RealismGuidance/data/target/01363.jpg,6,/storage/users/multicog/mehul/RealismGuidance/output/checkpoints/batch/2026-04-21-23-23-20/10663__01363/n08/img/10663__01363__final__s06__combined.png,/storage/users/multicog/mehul/RealismGuidance/output/checkpoints/batch/2026-04-21-23-23-20/10663__01363/n08/img/10663__01363__final__s06.png
/storage/users/multicog/mehul/RealismGuidance/data/source/10663.jpg,/storage/users/multicog/mehul/RealismGuidance/data/target/01363.jpg,7,/storage/users/multicog/mehul/RealismGuidance/output/checkpoints/batch/2026-04-21-23-23-20/10663__01363/n08/img/10663__01363__final__s07__combined.png,/storage/users/multicog/mehul/RealismGuidance/output/checkpoints/batch/2026-04-21-23-23-20/10663__01363/n08/img/10663__01363__final__s07.png
/storage/users/multicog/mehul/RealismGuidance/data/source/24200.jpg,/storage/users/multicog/mehul/RealismGuidance/data/target/01080.jpg,0,/storage/users/multicog/mehul/RealismGuidance/output/checkpoints/batch/2026-04-21-23-23-20/24200__01080/n08/img/24200__01080__final__s00__combined.png,/storage/users/multicog/mehul/RealismGuidance/output/checkpoints/batch/2026-04-21-23-23-20/24200__01080/n08/img/24200__01080__final__s00.png
/storage/users/multicog/mehul/RealismGuidance/data/source/24200.jpg,/storage/users/multicog/mehul/RealismGuidance/data/target/01080.jpg,1,/storage/users/multicog/mehul/RealismGuidance/output/checkpoints/batch/2026-04-21-23-23-20/24200__01080/n08/img/24200__01080__final__s01__combined.png,/storage/users/multicog/mehul/RealismGuidance/output/checkpoints/batch/2026-04-21-23-23-20/24200__01080/n08/img/24200__01080__final__s01.png
/storage/users/multicog/mehul/RealismGuidance/data/source/24200.jpg,/storage/users/multicog/mehul/RealismGuidance/data/target/01080.jpg,2,/storage/users/multicog/mehul/RealismGuidance/output/checkpoints/batch/2026-04-21-23-23-20/24200__01080/n08/img/24200__01080__final__s02__combined.png,/storage/users/multicog/mehul/RealismGuidance/output/checkpoints/batch/2026-04-21-23-23-20/24200__01080/n08/img/24200__01080__final__s02.png
/storage/users/multicog/mehul/RealismGuidance/data/source/24200.jpg,/storage/users/multicog/mehul/RealismGuidance/data/target/01080.jpg,3,/storage/users/multicog/mehul/RealismGuidance/output/checkpoints/batch/2026-04-21-23-23-20/24200__01080/n08/img/24200__01080__final__s03__combined.png,/storage/users/multicog/mehul/RealismGuidance/output/checkpoints/batch/2026-04-21-23-23-20/24200__01080/n08/img/24200__01080__final__s03.png
/storage/users/multicog/mehul/RealismGuidance/data/source/24200.jpg,/storage/users/multicog/mehul/RealismGuidance/data/target/01080.jpg,4,/storage/users/multicog/mehul/RealismGuidance/output/checkpoints/batch/2026-04-21-23-23-20/24200__01080/n08/img/24200__01080__final__s04__combined.png,/storage/users/multicog/mehul/RealismGuidance/output/checkpoints/batch/2026-04-21-23-23-20/24200__01080/n08/img/24200__01080__final__s04.png
/storage/users/multicog/mehul/RealismGuidance/data/source/24200.jpg,/storage/users/multicog/mehul/RealismGuidance/data/target/01080.jpg,5,/storage/users/multicog/mehul/RealismGuidance/output/checkpoints/batch/2026-04-21-23-23-20/24200__01080/n08/img/24200__01080__final__s05__combined.png,/storage/users/multicog/mehul/RealismGuidance/output/checkpoints/batch/2026-04-21-23-23-20/24200__01080/n08/img/24200__01080__final__s05.png
/storage/users/multicog/mehul/RealismGuidance/data/source/24200.jpg,/storage/users/multicog/mehul/RealismGuidance/data/target/01080.jpg,6,/storage/users/multicog/mehul/RealismGuidance/output/checkpoints/batch/2026-04-21-23-23-20/24200__01080/n08/img/24200__01080__final__s06__combined.png,/storage/users/multicog/mehul/RealismGuidance/output/checkpoints/batch/2026-04-21-23-23-20/24200__01080/n08/img/24200__01080__final__s06.png
/storage/users/multicog/mehul/RealismGuidance/data/source/24200.jpg,/storage/users/multicog/mehul/RealismGuidance/data/target/01080.jpg,7,/storage/users/multicog/mehul/RealismGuidance/output/checkpoints/batch/2026-04-21-23-23-20/24200__01080/n08/img/24200__01080__final__s07__combined.png,/storage/users/multicog/mehul/RealismGuidance/output/checkpoints/batch/2026-04-21-23-23-20/24200__01080/n08/img/24200__01080__final__s07.png
/storage/users/multicog/mehul/RealismGuidance/data/source/04481.jpg,/storage/users/multicog/mehul/RealismGuidance/data/target/26502.jpg,0,/storage/users/multicog/mehul/RealismGuidance/output/checkpoints/batch/2026-04-21-23-23-20/04481__26502/n08/img/04481__26502__final__s00__combined.png,/storage/users/multicog/mehul/RealismGuidance/output/checkpoints/batch/2026-04-21-23-23-20/04481__26502/n08/img/04481__26502__final__s00.png
/storage/users/multicog/mehul/RealismGuidance/data/source/04481.jpg,/storage/users/multicog/mehul/RealismGuidance/data/target/26502.jpg,1,/storage/users/multicog/mehul/RealismGuidance/output/checkpoints/batch/2026-04-21-23-23-20/04481__26502/n08/img/04481__26502__final__s01__combined.png,/storage/users/multicog/mehul/RealismGuidance/output/checkpoints/batch/2026-04-21-23-23-20/04481__26502/n08/img/04481__26502__final__s01.png
/storage/users/multicog/mehul/RealismGuidance/data/source/04481.jpg,/storage/users/multicog/mehul/RealismGuidance/data/target/26502.jpg,2,/storage/users/multicog/mehul/RealismGuidance/output/checkpoints/batch/2026-04-21-23-23-20/04481__26502/n08/img/04481__26502__final__s02__combined.png,/storage/users/multicog/mehul/RealismGuidance/output/checkpoints/batch/2026-04-21-23-23-20/04481__26502/n08/img/04481__26502__final__s02.png
/storage/users/multicog/mehul/RealismGuidance/data/source/04481.jpg,/storage/users/multicog/mehul/RealismGuidance/data/target/26502.jpg,3,/storage/users/multicog/mehul/RealismGuidance/output/checkpoints/batch/2026-04-21-23-23-20/04481__26502/n08/img/04481__26502__final__s03__combined.png,/storage/users/multicog/mehul/RealismGuidance/output/checkpoints/batch/2026-04-21-23-23-20/04481__26502/n08/img/04481__26502__final__s03.png
/storage/users/multicog/mehul/RealismGuidance/data/source/04481.jpg,/storage/users/multicog/mehul/RealismGuidance/data/target/26502.jpg,4,/storage/users/multicog/mehul/RealismGuidance/output/checkpoints/batch/2026-04-21-23-23-20/04481__26502/n08/img/04481__26502__final__s04__combined.png,/storage/users/multicog/mehul/RealismGuidance/output/checkpoints/batch/2026-04-21-23-23-20/04481__26502/n08/img/04481__26502__final__s04.png
/storage/users/multicog/mehul/RealismGuidance/data/source/04481.jpg,/storage/users/multicog/mehul/RealismGuidance/data/target/26502.jpg,5,/storage/users/multicog/mehul/RealismGuidance/output/checkpoints/batch/2026-04-21-23-23-20/04481__26502/n08/img/04481__26502__final__s05__combined.png,/storage/users/multicog/mehul/RealismGuidance/output/checkpoints/batch/2026-04-21-23-23-20/04481__26502/n08/img/04481__26502__final__s05.png
/storage/users/multicog/mehul/RealismGuidance/data/source/04481.jpg,/storage/users/multicog/mehul/RealismGuidance/data/target/26502.jpg,6,/storage/users/multicog/mehul/RealismGuidance/output/checkpoints/batch/2026-04-21-23-23-20/04481__26502/n08/img/04481__26502__final__s06__combined.png,/storage/users/multicog/mehul/RealismGuidance/output/checkpoints/batch/2026-04-21-23-23-20/04481__26502/n08/img/04481__26502__final__s06.png
/storage/users/multicog/mehul/RealismGuidance/data/source/04481.jpg,/storage/users/multicog/mehul/RealismGuidance/data/target/26502.jpg,7,/storage/users/multicog/mehul/RealismGuidance/output/checkpoints/batch/2026-04-21-23-23-20/04481__26502/n08/img/04481__26502__final__s07__combined.png,/storage/users/multicog/mehul/RealismGuidance/output/checkpoints/batch/2026-04-21-23-23-20/04481__26502/n08/img/04481__26502__final__s07.png
/storage/users/multicog/mehul/RealismGuidance/data/source/13269.jpg,/storage/users/multicog/mehul/RealismGuidance/data/target/08835.jpg,0,/storage/users/multicog/mehul/RealismGuidance/output/checkpoints/batch/2026-04-21-23-23-20/13269__08835/n08/img/13269__08835__final__s00__combined.png,/storage/users/multicog/mehul/RealismGuidance/output/checkpoints/batch/2026-04-21-23-23-20/13269__08835/n08/img/13269__08835__final__s00.png
/storage/users/multicog/mehul/RealismGuidance/data/source/13269.jpg,/storage/users/multicog/mehul/RealismGuidance/data/target/08835.jpg,1,/storage/users/multicog/mehul/RealismGuidance/output/checkpoints/batch/2026-04-21-23-23-20/13269__08835/n08/img/13269__08835__final__s01__combined.png,/storage/users/multicog/mehul/RealismGuidance/output/checkpoints/batch/2026-04-21-23-23-20/13269__08835/n08/img/13269__08835__final__s01.png
/storage/users/multicog/mehul/RealismGuidance/data/source/13269.jpg,/storage/users/multicog/mehul/RealismGuidance/data/target/08835.jpg,2,/storage/users/multicog/mehul/RealismGuidance/output/checkpoints/batch/2026-04-21-23-23-20/13269__08835/n08/img/13269__08835__final__s02__combined.png,/storage/users/multicog/mehul/RealismGuidance/output/checkpoints/batch/2026-04-21-23-23-20/13269__08835/n08/img/13269__08835__final__s02.png
/storage/users/multicog/mehul/RealismGuidance/data/source/13269.jpg,/storage/users/multicog/mehul/RealismGuidance/data/target/08835.jpg,3,/storage/users/multicog/mehul/RealismGuidance/output/checkpoints/batch/2026-04-21-23-23-20/13269__08835/n08/img/13269__08835__final__s03__combined.png,/storage/users/multicog/mehul/RealismGuidance/output/checkpoints/batch/2026-04-21-23-23-20/13269__08835/n08/img/13269__08835__final__s03.png
/storage/users/multicog/mehul/RealismGuidance/data/source/13269.jpg,/storage/users/multicog/mehul/RealismGuidance/data/target/08835.jpg,4,/storage/users/multicog/mehul/RealismGuidance/output/checkpoints/batch/2026-04-21-23-23-20/13269__08835/n08/img/13269__08835__final__s04__combined.png,/storage/users/multicog/mehul/RealismGuidance/output/checkpoints/batch/2026-04-21-23-23-20/13269__08835/n08/img/13269__08835__final__s04.png
/storage/users/multicog/mehul/RealismGuidance/data/source/13269.jpg,/storage/users/multicog/mehul/RealismGuidance/data/target/08835.jpg,5,/storage/users/multicog/mehul/RealismGuidance/output/checkpoints/batch/2026-04-21-23-23-20/13269__08835/n08/img/13269__08835__final__s05__combined.png,/storage/users/multicog/mehul/RealismGuidance/output/checkpoints/batch/2026-04-21-23-23-20/13269__08835/n08/img/13269__08835__final__s05.png
/storage/users/multicog/mehul/RealismGuidance/data/source/13269.jpg,/storage/users/multicog/mehul/RealismGuidance/data/target/08835.jpg,6,/storage/users/multicog/mehul/RealismGuidance/output/checkpoints/batch/2026-04-21-23-23-20/13269__08835/n08/img/13269__08835__final__s06__combined.png,/storage/users/multicog/mehul/RealismGuidance/output/checkpoints/batch/2026-04-21-23-23-20/13269__08835/n08/img/13269__08835__final__s06.png
/storage/users/multicog/mehul/RealismGuidance/data/source/13269.jpg,/storage/users/multicog/mehul/RealismGuidance/data/target/08835.jpg,7,/storage/users/multicog/mehul/RealismGuidance/output/checkpoints/batch/2026-04-21-23-23-20/13269__08835/n08/img/13269__08835__final__s07__combined.png,/storage/users/multicog/mehul/RealismGuidance/output/checkpoints/batch/2026-04-21-23-23-20/13269__08835/n08/img/13269__08835__final__s07.png
/storage/users/multicog/mehul/RealismGuidance/data/source/01193.jpg,/storage/users/multicog/mehul/RealismGuidance/data/target/07240.jpg,0,/storage/users/multicog/mehul/RealismGuidance/output/checkpoints/batch/2026-04-21-23-23-20/01193__07240/n08/img/01193__07240__final__s00__combined.png,/storage/users/multicog/mehul/RealismGuidance/output/checkpoints/batch/2026-04-21-23-23-20/01193__07240/n08/img/01193__07240__final__s00.png
/storage/users/multicog/mehul/RealismGuidance/data/source/01193.jpg,/storage/users/multicog/mehul/RealismGuidance/data/target/07240.jpg,1,/storage/users/multicog/mehul/RealismGuidance/output/checkpoints/batch/2026-04-21-23-23-20/01193__07240/n08/img/01193__07240__final__s01__combined.png,/storage/users/multicog/mehul/RealismGuidance/output/checkpoints/batch/2026-04-21-23-23-20/01193__07240/n08/img/01193__07240__final__s01.png
/storage/users/multicog/mehul/RealismGuidance/data/source/01193.jpg,/storage/users/multicog/mehul/RealismGuidance/data/target/07240.jpg,2,/storage/users/multicog/mehul/RealismGuidance/output/checkpoints/batch/2026-04-21-23-23-20/01193__07240/n08/img/01193__07240__final__s02__combined.png,/storage/users/multicog/mehul/RealismGuidance/output/checkpoints/batch/2026-04-21-23-23-20/01193__07240/n08/img/01193__07240__final__s02.png
/storage/users/multicog/mehul/RealismGuidance/data/source/01193.jpg,/storage/users/multicog/mehul/RealismGuidance/data/target/07240.jpg,3,/storage/users/multicog/mehul/RealismGuidance/output/checkpoints/batch/2026-04-21-23-23-20/01193__07240/n08/img/01193__07240__final__s03__combined.png,/storage/users/multicog/mehul/RealismGuidance/output/checkpoints/batch/2026-04-21-23-23-20/01193__07240/n08/img/01193__07240__final__s03.png
/storage/users/multicog/mehul/RealismGuidance/data/source/01193.jpg,/storage/users/multicog/mehul/RealismGuidance/data/target/07240.jpg,4,/storage/users/multicog/mehul/RealismGuidance/output/checkpoints/batch/2026-04-21-23-23-20/01193__07240/n08/img/01193__07240__final__s04__combined.png,/storage/users/multicog/mehul/RealismGuidance/output/checkpoints/batch/2026-04-21-23-23-20/01193__07240/n08/img/01193__07240__final__s04.png
/storage/users/multicog/mehul/RealismGuidance/data/source/01193.jpg,/storage/users/multicog/mehul/RealismGuidance/data/target/07240.jpg,5,/storage/users/multicog/mehul/RealismGuidance/output/checkpoints/batch/2026-04-21-23-23-20/01193__07240/n08/img/01193__07240__final__s05__combined.png,/storage/users/multicog/mehul/RealismGuidance/output/checkpoints/batch/2026-04-21-23-23-20/01193__07240/n08/img/01193__07240__final__s05.png
/storage/users/multicog/mehul/RealismGuidance/data/source/01193.jpg,/storage/users/multicog/mehul/RealismGuidance/data/target/07240.jpg,6,/storage/users/multicog/mehul/RealismGuidance/output/checkpoints/batch/2026-04-21-23-23-20/01193__07240/n08/img/01193__07240__final__s06__combined.png,/storage/users/multicog/mehul/RealismGuidance/output/checkpoints/batch/2026-04-21-23-23-20/01193__07240/n08/img/01193__07240__final__s06.png
/storage/users/multicog/mehul/RealismGuidance/data/source/01193.jpg,/storage/users/multicog/mehul/RealismGuidance/data/target/07240.jpg,7,/storage/users/multicog/mehul/RealismGuidance/output/checkpoints/batch/2026-04-21-23-23-20/01193__07240/n08/img/01193__07240__final__s07__combined.png,/storage/users/multicog/mehul/RealismGuidance/output/checkpoints/batch/2026-04-21-23-23-20/01193__07240/n08/img/01193__07240__final__s07.png
/storage/users/multicog/mehul/RealismGuidance/data/source/19610.jpg,/storage/users/multicog/mehul/RealismGuidance/data/target/15009.jpg,0,/storage/users/multicog/mehul/RealismGuidance/output/checkpoints/batch/2026-04-21-23-23-20/19610__15009/n08/img/19610__15009__final__s00__combined.png,/storage/users/multicog/mehul/RealismGuidance/output/checkpoints/batch/2026-04-21-23-23-20/19610__15009/n08/img/19610__15009__final__s00.png
/storage/users/multicog/mehul/RealismGuidance/data/source/19610.jpg,/storage/users/multicog/mehul/RealismGuidance/data/target/15009.jpg,1,/storage/users/multicog/mehul/RealismGuidance/output/checkpoints/batch/2026-04-21-23-23-20/19610__15009/n08/img/19610__15009__final__s01__combined.png,/storage/users/multicog/mehul/RealismGuidance/output/checkpoints/batch/2026-04-21-23-23-20/19610__15009/n08/img/19610__15009__final__s01.png
/storage/users/multicog/mehul/RealismGuidance/data/source/19610.jpg,/storage/users/multicog/mehul/RealismGuidance/data/target/15009.jpg,2,/storage/users/multicog/mehul/RealismGuidance/output/checkpoints/batch/2026-04-21-23-23-20/19610__15009/n08/img/19610__15009__final__s02__combined.png,/storage/users/multicog/mehul/RealismGuidance/output/checkpoints/batch/2026-04-21-23-23-20/19610__15009/n08/img/19610__15009__final__s02.png
/storage/users/multicog/mehul/RealismGuidance/data/source/19610.jpg,/storage/users/multicog/mehul/RealismGuidance/data/target/15009.jpg,3,/storage/users/multicog/mehul/RealismGuidance/output/checkpoints/batch/2026-04-21-23-23-20/19610__15009/n08/img/19610__15009__final__s03__combined.png,/storage/users/multicog/mehul/RealismGuidance/output/checkpoints/batch/2026-04-21-23-23-20/19610__15009/n08/img/19610__15009__final__s03.png
/storage/users/multicog/mehul/RealismGuidance/data/source/19610.jpg,/storage/users/multicog/mehul/RealismGuidance/data/target/15009.jpg,4,/storage/users/multicog/mehul/RealismGuidance/output/checkpoints/batch/2026-04-21-23-23-20/19610__15009/n08/img/19610__15009__final__s04__combined.png,/storage/users/multicog/mehul/RealismGuidance/output/checkpoints/batch/2026-04-21-23-23-20/19610__15009/n08/img/19610__15009__final__s04.png
/storage/users/multicog/mehul/RealismGuidance/data/source/19610.jpg,/storage/users/multicog/mehul/RealismGuidance/data/target/15009.jpg,5,/storage/users/multicog/mehul/RealismGuidance/output/checkpoints/batch/2026-04-21-23-23-20/19610__15009/n08/img/19610__15009__final__s05__combined.png,/storage/users/multicog/mehul/RealismGuidance/output/checkpoints/batch/2026-04-21-23-23-20/19610__15009/n08/img/19610__15009__final__s05.png
/storage/users/multicog/mehul/RealismGuidance/data/source/19610.jpg,/storage/users/multicog/mehul/RealismGuidance/data/target/15009.jpg,6,/storage/users/multicog/mehul/RealismGuidance/output/checkpoints/batch/2026-04-21-23-23-20/19610__15009/n08/img/19610__15009__final__s06__combined.png,/storage/users/multicog/mehul/RealismGuidance/output/checkpoints/batch/2026-04-21-23-23-20/19610__15009/n08/img/19610__15009__final__s06.png
/storage/users/multicog/mehul/RealismGuidance/data/source/19610.jpg,/storage/users/multicog/mehul/RealismGuidance/data/target/15009.jpg,7,/storage/users/multicog/mehul/RealismGuidance/output/checkpoints/batch/2026-04-21-23-23-20/19610__15009/n08/img/19610__15009__final__s07__combined.png,/storage/users/multicog/mehul/RealismGuidance/output/checkpoints/batch/2026-04-21-23-23-20/19610__15009/n08/img/19610__15009__final__s07.png
/storage/users/multicog/mehul/RealismGuidance/data/source/09737.jpg,/storage/users/multicog/mehul/RealismGuidance/data/target/01452.jpg,0,/storage/users/multicog/mehul/RealismGuidance/output/checkpoints/batch/2026-04-21-23-23-20/09737__01452/n08/img/09737__01452__final__s00__combined.png,/storage/users/multicog/mehul/RealismGuidance/output/checkpoints/batch/2026-04-21-23-23-20/09737__01452/n08/img/09737__01452__final__s00.png
/storage/users/multicog/mehul/RealismGuidance/data/source/09737.jpg,/storage/users/multicog/mehul/RealismGuidance/data/target/01452.jpg,1,/storage/users/multicog/mehul/RealismGuidance/output/checkpoints/batch/2026-04-21-23-23-20/09737__01452/n08/img/09737__01452__final__s01__combined.png,/storage/users/multicog/mehul/RealismGuidance/output/checkpoints/batch/2026-04-21-23-23-20/09737__01452/n08/img/09737__01452__final__s01.png
/storage/users/multicog/mehul/RealismGuidance/data/source/09737.jpg,/storage/users/multicog/mehul/RealismGuidance/data/target/01452.jpg,2,/storage/users/multicog/mehul/RealismGuidance/output/checkpoints/batch/2026-04-21-23-23-20/09737__01452/n08/img/09737__01452__final__s02__combined.png,/storage/users/multicog/mehul/RealismGuidance/output/checkpoints/batch/2026-04-21-23-23-20/09737__01452/n08/img/09737__01452__final__s02.png
/storage/users/multicog/mehul/RealismGuidance/data/source/09737.jpg,/storage/users/multicog/mehul/RealismGuidance/data/target/01452.jpg,3,/storage/users/multicog/mehul/RealismGuidance/output/checkpoints/batch/2026-04-21-23-23-20/09737__01452/n08/img/09737__01452__final__s03__combined.png,/storage/users/multicog/mehul/RealismGuidance/output/checkpoints/batch/2026-04-21-23-23-20/09737__01452/n08/img/09737__01452__final__s03.png
/storage/users/multicog/mehul/RealismGuidance/data/source/09737.jpg,/storage/users/multicog/mehul/RealismGuidance/data/target/01452.jpg,4,/storage/users/multicog/mehul/RealismGuidance/output/checkpoints/batch/2026-04-21-23-23-20/09737__01452/n08/img/09737__01452__final__s04__combined.png,/storage/users/multicog/mehul/RealismGuidance/output/checkpoints/batch/2026-04-21-23-23-20/09737__01452/n08/img/09737__01452__final__s04.png
/storage/users/multicog/mehul/RealismGuidance/data/source/09737.jpg,/storage/users/multicog/mehul/RealismGuidance/data/target/01452.jpg,5,/storage/users/multicog/mehul/RealismGuidance/output/checkpoints/batch/2026-04-21-23-23-20/09737__01452/n08/img/09737__01452__final__s05__combined.png,/storage/users/multicog/mehul/RealismGuidance/output/checkpoints/batch/2026-04-21-23-23-20/09737__01452/n08/img/09737__01452__final__s05.png
/storage/users/multicog/mehul/RealismGuidance/data/source/09737.jpg,/storage/users/multicog/mehul/RealismGuidance/data/target/01452.jpg,6,/storage/users/multicog/mehul/RealismGuidance/output/checkpoints/batch/2026-04-21-23-23-20/09737__01452/n08/img/09737__01452__final__s06__combined.png,/storage/users/multicog/mehul/RealismGuidance/output/checkpoints/batch/2026-04-21-23-23-20/09737__01452/n08/img/09737__01452__final__s06.png
/storage/users/multicog/mehul/RealismGuidance/data/source/09737.jpg,/storage/users/multicog/mehul/RealismGuidance/data/target/01452.jpg,7,/storage/users/multicog/mehul/RealismGuidance/output/checkpoints/batch/2026-04-21-23-23-20/09737__01452/n08/img/09737__01452__final__s07__combined.png,/storage/users/multicog/mehul/RealismGuidance/output/checkpoints/batch/2026-04-21-23-23-20/09737__01452/n08/img/09737__01452__final__s07.png
/storage/users/multicog/mehul/RealismGuidance/data/source/08216.jpg,/storage/users/multicog/mehul/RealismGuidance/data/target/18833.jpg,0,/storage/users/multicog/mehul/RealismGuidance/output/checkpoints/batch/2026-04-21-23-23-20/08216__18833/n08/img/08216__18833__final__s00__combined.png,/storage/users/multicog/mehul/RealismGuidance/output/checkpoints/batch/2026-04-21-23-23-20/08216__18833/n08/img/08216__18833__final__s00.png
/storage/users/multicog/mehul/RealismGuidance/data/source/08216.jpg,/storage/users/multicog/mehul/RealismGuidance/data/target/18833.jpg,1,/storage/users/multicog/mehul/RealismGuidance/output/checkpoints/batch/2026-04-21-23-23-20/08216__18833/n08/img/08216__18833__final__s01__combined.png,/storage/users/multicog/mehul/RealismGuidance/output/checkpoints/batch/2026-04-21-23-23-20/08216__18833/n08/img/08216__18833__final__s01.png
/storage/users/multicog/mehul/RealismGuidance/data/source/08216.jpg,/storage/users/multicog/mehul/RealismGuidance/data/target/18833.jpg,2,/storage/users/multicog/mehul/RealismGuidance/output/checkpoints/batch/2026-04-21-23-23-20/08216__18833/n08/img/08216__18833__final__s02__combined.png,/storage/users/multicog/mehul/RealismGuidance/output/checkpoints/batch/2026-04-21-23-23-20/08216__18833/n08/img/08216__18833__final__s02.png
/storage/users/multicog/mehul/RealismGuidance/data/source/08216.jpg,/storage/users/multicog/mehul/RealismGuidance/data/target/18833.jpg,3,/storage/users/multicog/mehul/RealismGuidance/output/checkpoints/batch/2026-04-21-23-23-20/08216__18833/n08/img/08216__18833__final__s03__combined.png,/storage/users/multicog/mehul/RealismGuidance/output/checkpoints/batch/2026-04-21-23-23-20/08216__18833/n08/img/08216__18833__final__s03.png
/storage/users/multicog/mehul/RealismGuidance/data/source/08216.jpg,/storage/users/multicog/mehul/RealismGuidance/data/target/18833.jpg,4,/storage/users/multicog/mehul/RealismGuidance/output/checkpoints/batch/2026-04-21-23-23-20/08216__18833/n08/img/08216__18833__final__s04__combined.png,/storage/users/multicog/mehul/RealismGuidance/output/checkpoints/batch/2026-04-21-23-23-20/08216__18833/n08/img/08216__18833__final__s04.png
/storage/users/multicog/mehul/RealismGuidance/data/source/08216.jpg,/storage/users/multicog/mehul/RealismGuidance/data/target/18833.jpg,5,/storage/users/multicog/mehul/RealismGuidance/output/checkpoints/batch/2026-04-21-23-23-20/08216__18833/n08/img/08216__18833__final__s05__combined.png,/storage/users/multicog/mehul/RealismGuidance/output/checkpoints/batch/2026-04-21-23-23-20/08216__18833/n08/img/08216__18833__final__s05.png
/storage/users/multicog/mehul/RealismGuidance/data/source/08216.jpg,/storage/users/multicog/mehul/RealismGuidance/data/target/18833.jpg,6,/storage/users/multicog/mehul/RealismGuidance/output/checkpoints/batch/2026-04-21-23-23-20/08216__18833/n08/img/08216__18833__final__s06__combined.png,/storage/users/multicog/mehul/RealismGuidance/output/checkpoints/batch/2026-04-21-23-23-20/08216__18833/n08/img/08216__18833__final__s06.png
/storage/users/multicog/mehul/RealismGuidance/data/source/08216.jpg,/storage/users/multicog/mehul/RealismGuidance/data/target/18833.jpg,7,/storage/users/multicog/mehul/RealismGuidance/output/checkpoints/batch/2026-04-21-23-23-20/08216__18833/n08/img/08216__18833__final__s07__combined.png,/storage/users/multicog/mehul/RealismGuidance/output/checkpoints/batch/2026-04-21-23-23-20/08216__18833/n08/img/08216__18833__final__s07.png
/storage/users/multicog/mehul/RealismGuidance/data/source/07631.jpg,/storage/users/multicog/mehul/RealismGuidance/data/target/02338.jpg,0,/storage/users/multicog/mehul/RealismGuidance/output/checkpoints/batch/2026-04-21-23-23-20/07631__02338/n08/img/07631__02338__final__s00__combined.png,/storage/users/multicog/mehul/RealismGuidance/output/checkpoints/batch/2026-04-21-23-23-20/07631__02338/n08/img/07631__02338__final__s00.png
/storage/users/multicog/mehul/RealismGuidance/data/source/07631.jpg,/storage/users/multicog/mehul/RealismGuidance/data/target/02338.jpg,1,/storage/users/multicog/mehul/RealismGuidance/output/checkpoints/batch/2026-04-21-23-23-20/07631__02338/n08/img/07631__02338__final__s01__combined.png,/storage/users/multicog/mehul/RealismGuidance/output/checkpoints/batch/2026-04-21-23-23-20/07631__02338/n08/img/07631__02338__final__s01.png
/storage/users/multicog/mehul/RealismGuidance/data/source/07631.jpg,/storage/users/multicog/mehul/RealismGuidance/data/target/02338.jpg,2,/storage/users/multicog/mehul/RealismGuidance/output/checkpoints/batch/2026-04-21-23-23-20/07631__02338/n08/img/07631__02338__final__s02__combined.png,/storage/users/multicog/mehul/RealismGuidance/output/checkpoints/batch/2026-04-21-23-23-20/07631__02338/n08/img/07631__02338__final__s02.png
/storage/users/multicog/mehul/RealismGuidance/data/source/07631.jpg,/storage/users/multicog/mehul/RealismGuidance/data/target/02338.jpg,3,/storage/users/multicog/mehul/RealismGuidance/output/checkpoints/batch/2026-04-21-23-23-20/07631__02338/n08/img/07631__02338__final__s03__combined.png,/storage/users/multicog/mehul/RealismGuidance/output/checkpoints/batch/2026-04-21-23-23-20/07631__02338/n08/img/07631__02338__final__s03.png
/storage/users/multicog/mehul/RealismGuidance/data/source/07631.jpg,/storage/users/multicog/mehul/RealismGuidance/data/target/02338.jpg,4,/storage/users/multicog/mehul/RealismGuidance/output/checkpoints/batch/2026-04-21-23-23-20/07631__02338/n08/img/07631__02338__final__s04__combined.png,/storage/users/multicog/mehul/RealismGuidance/output/checkpoints/batch/2026-04-21-23-23-20/07631__02338/n08/img/07631__02338__final__s04.png
/storage/users/multicog/mehul/RealismGuidance/data/source/07631.jpg,/storage/users/multicog/mehul/RealismGuidance/data/target/02338.jpg,5,/storage/users/multicog/mehul/RealismGuidance/output/checkpoints/batch/2026-04-21-23-23-20/07631__02338/n08/img/07631__02338__final__s05__combined.png,/storage/users/multicog/mehul/RealismGuidance/output/checkpoints/batch/2026-04-21-23-23-20/07631__02338/n08/img/07631__02338__final__s05.png
/storage/users/multicog/mehul/RealismGuidance/data/source/07631.jpg,/storage/users/multicog/mehul/RealismGuidance/data/target/02338.jpg,6,/storage/users/multicog/mehul/RealismGuidance/output/checkpoints/batch/2026-04-21-23-23-20/07631__02338/n08/img/07631__02338__final__s06__combined.png,/storage/users/multicog/mehul/RealismGuidance/output/checkpoints/batch/2026-04-21-23-23-20/07631__02338/n08/img/07631__02338__final__s06.png
/storage/users/multicog/mehul/RealismGuidance/data/source/07631.jpg,/storage/users/multicog/mehul/RealismGuidance/data/target/02338.jpg,7,/storage/users/multicog/mehul/RealismGuidance/output/checkpoints/batch/2026-04-21-23-23-20/07631__02338/n08/img/07631__02338__final__s07__combined.png,/storage/users/multicog/mehul/RealismGuidance/output/checkpoints/batch/2026-04-21-23-23-20/07631__02338/n08/img/07631__02338__final__s07.png
/storage/users/multicog/mehul/RealismGuidance/data/source/22350.jpg,/storage/users/multicog/mehul/RealismGuidance/data/target/17224.jpg,0,/storage/users/multicog/mehul/RealismGuidance/output/checkpoints/batch/2026-04-21-23-23-20/22350__17224/n08/img/22350__17224__final__s00__combined.png,/storage/users/multicog/mehul/RealismGuidance/output/checkpoints/batch/2026-04-21-23-23-20/22350__17224/n08/img/22350__17224__final__s00.png
/storage/users/multicog/mehul/RealismGuidance/data/source/22350.jpg,/storage/users/multicog/mehul/RealismGuidance/data/target/17224.jpg,1,/storage/users/multicog/mehul/RealismGuidance/output/checkpoints/batch/2026-04-21-23-23-20/22350__17224/n08/img/22350__17224__final__s01__combined.png,/storage/users/multicog/mehul/RealismGuidance/output/checkpoints/batch/2026-04-21-23-23-20/22350__17224/n08/img/22350__17224__final__s01.png
/storage/users/multicog/mehul/RealismGuidance/data/source/22350.jpg,/storage/users/multicog/mehul/RealismGuidance/data/target/17224.jpg,2,/storage/users/multicog/mehul/RealismGuidance/output/checkpoints/batch/2026-04-21-23-23-20/22350__17224/n08/img/22350__17224__final__s02__combined.png,/storage/users/multicog/mehul/RealismGuidance/output/checkpoints/batch/2026-04-21-23-23-20/22350__17224/n08/img/22350__17224__final__s02.png
/storage/users/multicog/mehul/RealismGuidance/data/source/22350.jpg,/storage/users/multicog/mehul/RealismGuidance/data/target/17224.jpg,3,/storage/users/multicog/mehul/RealismGuidance/output/checkpoints/batch/2026-04-21-23-23-20/22350__17224/n08/img/22350__17224__final__s03__combined.png,/storage/users/multicog/mehul/RealismGuidance/output/checkpoints/batch/2026-04-21-23-23-20/22350__17224/n08/img/22350__17224__final__s03.png
/storage/users/multicog/mehul/RealismGuidance/data/source/22350.jpg,/storage/users/multicog/mehul/RealismGuidance/data/target/17224.jpg,4,/storage/users/multicog/mehul/RealismGuidance/output/checkpoints/batch/2026-04-21-23-23-20/22350__17224/n08/img/22350__17224__final__s04__combined.png,/storage/users/multicog/mehul/RealismGuidance/output/checkpoints/batch/2026-04-21-23-23-20/22350__17224/n08/img/22350__17224__final__s04.png
/storage/users/multicog/mehul/RealismGuidance/data/source/22350.jpg,/storage/users/multicog/mehul/RealismGuidance/data/target/17224.jpg,5,/storage/users/multicog/mehul/RealismGuidance/output/checkpoints/batch/2026-04-21-23-23-20/22350__17224/n08/img/22350__17224__final__s05__combined.png,/storage/users/multicog/mehul/RealismGuidance/output/checkpoints/batch/2026-04-21-23-23-20/22350__17224/n08/img/22350__17224__final__s05.png
/storage/users/multicog/mehul/RealismGuidance/data/source/22350.jpg,/storage/users/multicog/mehul/RealismGuidance/data/target/17224.jpg,6,/storage/users/multicog/mehul/RealismGuidance/output/checkpoints/batch/2026-04-21-23-23-20/22350__17224/n08/img/22350__17224__final__s06__combined.png,/storage/users/multicog/mehul/RealismGuidance/output/checkpoints/batch/2026-04-21-23-23-20/22350__17224/n08/img/22350__17224__final__s06.png
/storage/users/multicog/mehul/RealismGuidance/data/source/22350.jpg,/storage/users/multicog/mehul/RealismGuidance/data/target/17224.jpg,7,/storage/users/multicog/mehul/RealismGuidance/output/checkpoints/batch/2026-04-21-23-23-20/22350__17224/n08/img/22350__17224__final__s07__combined.png,/storage/users/multicog/mehul/RealismGuidance/output/checkpoints/batch/2026-04-21-23-23-20/22350__17224/n08/img/22350__17224__final__s07.png
/storage/users/multicog/mehul/RealismGuidance/data/source/11754.jpg,/storage/users/multicog/mehul/RealismGuidance/data/target/08106.jpg,0,/storage/users/multicog/mehul/RealismGuidance/output/checkpoints/batch/2026-04-21-23-23-20/11754__08106/n08/img/11754__08106__final__s00__combined.png,/storage/users/multicog/mehul/RealismGuidance/output/checkpoints/batch/2026-04-21-23-23-20/11754__08106/n08/img/11754__08106__final__s00.png
/storage/users/multicog/mehul/RealismGuidance/data/source/11754.jpg,/storage/users/multicog/mehul/RealismGuidance/data/target/08106.jpg,1,/storage/users/multicog/mehul/RealismGuidance/output/checkpoints/batch/2026-04-21-23-23-20/11754__08106/n08/img/11754__08106__final__s01__combined.png,/storage/users/multicog/mehul/RealismGuidance/output/checkpoints/batch/2026-04-21-23-23-20/11754__08106/n08/img/11754__08106__final__s01.png
/storage/users/multicog/mehul/RealismGuidance/data/source/11754.jpg,/storage/users/multicog/mehul/RealismGuidance/data/target/08106.jpg,2,/storage/users/multicog/mehul/RealismGuidance/output/checkpoints/batch/2026-04-21-23-23-20/11754__08106/n08/img/11754__08106__final__s02__combined.png,/storage/users/multicog/mehul/RealismGuidance/output/checkpoints/batch/2026-04-21-23-23-20/11754__08106/n08/img/11754__08106__final__s02.png
/storage/users/multicog/mehul/RealismGuidance/data/source/11754.jpg,/storage/users/multicog/mehul/RealismGuidance/data/target/08106.jpg,3,/storage/users/multicog/mehul/RealismGuidance/output/checkpoints/batch/2026-04-21-23-23-20/11754__08106/n08/img/11754__08106__final__s03__combined.png,/storage/users/multicog/mehul/RealismGuidance/output/checkpoints/batch/2026-04-21-23-23-20/11754__08106/n08/img/11754__08106__final__s03.png
/storage/users/multicog/mehul/RealismGuidance/data/source/11754.jpg,/storage/users/multicog/mehul/RealismGuidance/data/target/08106.jpg,4,/storage/users/multicog/mehul/RealismGuidance/output/checkpoints/batch/2026-04-21-23-23-20/11754__08106/n08/img/11754__08106__final__s04__combined.png,/storage/users/multicog/mehul/RealismGuidance/output/checkpoints/batch/2026-04-21-23-23-20/11754__08106/n08/img/11754__08106__final__s04.png
/storage/users/multicog/mehul/RealismGuidance/data/source/11754.jpg,/storage/users/multicog/mehul/RealismGuidance/data/target/08106.jpg,5,/storage/users/multicog/mehul/RealismGuidance/output/checkpoints/batch/2026-04-21-23-23-20/11754__08106/n08/img/11754__08106__final__s05__combined.png,/storage/users/multicog/mehul/RealismGuidance/output/checkpoints/batch/2026-04-21-23-23-20/11754__08106/n08/img/11754__08106__final__s05.png
/storage/users/multicog/mehul/RealismGuidance/data/source/11754.jpg,/storage/users/multicog/mehul/RealismGuidance/data/target/08106.jpg,6,/storage/users/multicog/mehul/RealismGuidance/output/checkpoints/batch/2026-04-21-23-23-20/11754__08106/n08/img/11754__08106__final__s06__combined.png,/storage/users/multicog/mehul/RealismGuidance/output/checkpoints/batch/2026-04-21-23-23-20/11754__08106/n08/img/11754__08106__final__s06.png
/storage/users/multicog/mehul/RealismGuidance/data/source/11754.jpg,/storage/users/multicog/mehul/RealismGuidance/data/target/08106.jpg,7,/storage/users/multicog/mehul/RealismGuidance/output/checkpoints/batch/2026-04-21-23-23-20/11754__08106/n08/img/11754__08106__final__s07__combined.png,/storage/users/multicog/mehul/RealismGuidance/output/checkpoints/batch/2026-04-21-23-23-20/11754__08106/n08/img/11754__08106__final__s07.png
/storage/users/multicog/mehul/RealismGuidance/data/source/18500.jpg,/storage/users/multicog/mehul/RealismGuidance/data/target/11790.jpg,0,/storage/users/multicog/mehul/RealismGuidance/output/checkpoints/batch/2026-04-21-23-23-20/18500__11790/n08/img/18500__11790__final__s00__combined.png,/storage/users/multicog/mehul/RealismGuidance/output/checkpoints/batch/2026-04-21-23-23-20/18500__11790/n08/img/18500__11790__final__s00.png
/storage/users/multicog/mehul/RealismGuidance/data/source/18500.jpg,/storage/users/multicog/mehul/RealismGuidance/data/target/11790.jpg,1,/storage/users/multicog/mehul/RealismGuidance/output/checkpoints/batch/2026-04-21-23-23-20/18500__11790/n08/img/18500__11790__final__s01__combined.png,/storage/users/multicog/mehul/RealismGuidance/output/checkpoints/batch/2026-04-21-23-23-20/18500__11790/n08/img/18500__11790__final__s01.png
/storage/users/multicog/mehul/RealismGuidance/data/source/18500.jpg,/storage/users/multicog/mehul/RealismGuidance/data/target/11790.jpg,2,/storage/users/multicog/mehul/RealismGuidance/output/checkpoints/batch/2026-04-21-23-23-20/18500__11790/n08/img/18500__11790__final__s02__combined.png,/storage/users/multicog/mehul/RealismGuidance/output/checkpoints/batch/2026-04-21-23-23-20/18500__11790/n08/img/18500__11790__final__s02.png
/storage/users/multicog/mehul/RealismGuidance/data/source/18500.jpg,/storage/users/multicog/mehul/RealismGuidance/data/target/11790.jpg,3,/storage/users/multicog/mehul/RealismGuidance/output/checkpoints/batch/2026-04-21-23-23-20/18500__11790/n08/img/18500__11790__final__s03__combined.png,/storage/users/multicog/mehul/RealismGuidance/output/checkpoints/batch/2026-04-21-23-23-20/18500__11790/n08/img/18500__11790__final__s03.png
/storage/users/multicog/mehul/RealismGuidance/data/source/18500.jpg,/storage/users/multicog/mehul/RealismGuidance/data/target/11790.jpg,4,/storage/users/multicog/mehul/RealismGuidance/output/checkpoints/batch/2026-04-21-23-23-20/18500__11790/n08/img/18500__11790__final__s04__combined.png,/storage/users/multicog/mehul/RealismGuidance/output/checkpoints/batch/2026-04-21-23-23-20/18500__11790/n08/img/18500__11790__final__s04.png
/storage/users/multicog/mehul/RealismGuidance/data/source/18500.jpg,/storage/users/multicog/mehul/RealismGuidance/data/target/11790.jpg,5,/storage/users/multicog/mehul/RealismGuidance/output/checkpoints/batch/2026-04-21-23-23-20/18500__11790/n08/img/18500__11790__final__s05__combined.png,/storage/users/multicog/mehul/RealismGuidance/output/checkpoints/batch/2026-04-21-23-23-20/18500__11790/n08/img/18500__11790__final__s05.png
/storage/users/multicog/mehul/RealismGuidance/data/source/18500.jpg,/storage/users/multicog/mehul/RealismGuidance/data/target/11790.jpg,6,/storage/users/multicog/mehul/RealismGuidance/output/checkpoints/batch/2026-04-21-23-23-20/18500__11790/n08/img/18500__11790__final__s06__combined.png,/storage/users/multicog/mehul/RealismGuidance/output/checkpoints/batch/2026-04-21-23-23-20/18500__11790/n08/img/18500__11790__final__s06.png
/storage/users/multicog/mehul/RealismGuidance/data/source/18500.jpg,/storage/users/multicog/mehul/RealismGuidance/data/target/11790.jpg,7,/storage/users/multicog/mehul/RealismGuidance/output/checkpoints/batch/2026-04-21-23-23-20/18500__11790/n08/img/18500__11790__final__s07__combined.png,/storage/users/multicog/mehul/RealismGuidance/output/checkpoints/batch/2026-04-21-23-23-20/18500__11790/n08/img/18500__11790__final__s07.png
/storage/users/multicog/mehul/RealismGuidance/data/source/01530.jpg,/storage/users/multicog/mehul/RealismGuidance/data/target/24138.jpg,0,/storage/users/multicog/mehul/RealismGuidance/output/checkpoints/batch/2026-04-21-23-23-20/01530__24138/n08/img/01530__24138__final__s00__combined.png,/storage/users/multicog/mehul/RealismGuidance/output/checkpoints/batch/2026-04-21-23-23-20/01530__24138/n08/img/01530__24138__final__s00.png
/storage/users/multicog/mehul/RealismGuidance/data/source/01530.jpg,/storage/users/multicog/mehul/RealismGuidance/data/target/24138.jpg,1,/storage/users/multicog/mehul/RealismGuidance/output/checkpoints/batch/2026-04-21-23-23-20/01530__24138/n08/img/01530__24138__final__s01__combined.png,/storage/users/multicog/mehul/RealismGuidance/output/checkpoints/batch/2026-04-21-23-23-20/01530__24138/n08/img/01530__24138__final__s01.png
/storage/users/multicog/mehul/RealismGuidance/data/source/01530.jpg,/storage/users/multicog/mehul/RealismGuidance/data/target/24138.jpg,2,/storage/users/multicog/mehul/RealismGuidance/output/checkpoints/batch/2026-04-21-23-23-20/01530__24138/n08/img/01530__24138__final__s02__combined.png,/storage/users/multicog/mehul/RealismGuidance/output/checkpoints/batch/2026-04-21-23-23-20/01530__24138/n08/img/01530__24138__final__s02.png
/storage/users/multicog/mehul/RealismGuidance/data/source/01530.jpg,/storage/users/multicog/mehul/RealismGuidance/data/target/24138.jpg,3,/storage/users/multicog/mehul/RealismGuidance/output/checkpoints/batch/2026-04-21-23-23-20/01530__24138/n08/img/01530__24138__final__s03__combined.png,/storage/users/multicog/mehul/RealismGuidance/output/checkpoints/batch/2026-04-21-23-23-20/01530__24138/n08/img/01530__24138__final__s03.png
/storage/users/multicog/mehul/RealismGuidance/data/source/01530.jpg,/storage/users/multicog/mehul/RealismGuidance/data/target/24138.jpg,4,/storage/users/multicog/mehul/RealismGuidance/output/checkpoints/batch/2026-04-21-23-23-20/01530__24138/n08/img/01530__24138__final__s04__combined.png,/storage/users/multicog/mehul/RealismGuidance/output/checkpoints/batch/2026-04-21-23-23-20/01530__24138/n08/img/01530__24138__final__s04.png
/storage/users/multicog/mehul/RealismGuidance/data/source/01530.jpg,/storage/users/multicog/mehul/RealismGuidance/data/target/24138.jpg,5,/storage/users/multicog/mehul/RealismGuidance/output/checkpoints/batch/2026-04-21-23-23-20/01530__24138/n08/img/01530__24138__final__s05__combined.png,/storage/users/multicog/mehul/RealismGuidance/output/checkpoints/batch/2026-04-21-23-23-20/01530__24138/n08/img/01530__24138__final__s05.png
/storage/users/multicog/mehul/RealismGuidance/data/source/01530.jpg,/storage/users/multicog/mehul/RealismGuidance/data/target/24138.jpg,6,/storage/users/multicog/mehul/RealismGuidance/output/checkpoints/batch/2026-04-21-23-23-20/01530__24138/n08/img/01530__24138__final__s06__combined.png,/storage/users/multicog/mehul/RealismGuidance/output/checkpoints/batch/2026-04-21-23-23-20/01530__24138/n08/img/01530__24138__final__s06.png
/storage/users/multicog/mehul/RealismGuidance/data/source/01530.jpg,/storage/users/multicog/mehul/RealismGuidance/data/target/24138.jpg,7,/storage/users/multicog/mehul/RealismGuidance/output/checkpoints/batch/2026-04-21-23-23-20/01530__24138/n08/img/01530__24138__final__s07__combined.png,/storage/users/multicog/mehul/RealismGuidance/output/checkpoints/batch/2026-04-21-23-23-20/01530__24138/n08/img/01530__24138__final__s07.png
/storage/users/multicog/mehul/RealismGuidance/data/source/14946.jpg,/storage/users/multicog/mehul/RealismGuidance/data/target/22067.jpg,0,/storage/users/multicog/mehul/RealismGuidance/output/checkpoints/batch/2026-04-21-23-23-20/14946__22067/n08/img/14946__22067__final__s00__combined.png,/storage/users/multicog/mehul/RealismGuidance/output/checkpoints/batch/2026-04-21-23-23-20/14946__22067/n08/img/14946__22067__final__s00.png
/storage/users/multicog/mehul/RealismGuidance/data/source/14946.jpg,/storage/users/multicog/mehul/RealismGuidance/data/target/22067.jpg,1,/storage/users/multicog/mehul/RealismGuidance/output/checkpoints/batch/2026-04-21-23-23-20/14946__22067/n08/img/14946__22067__final__s01__combined.png,/storage/users/multicog/mehul/RealismGuidance/output/checkpoints/batch/2026-04-21-23-23-20/14946__22067/n08/img/14946__22067__final__s01.png
/storage/users/multicog/mehul/RealismGuidance/data/source/14946.jpg,/storage/users/multicog/mehul/RealismGuidance/data/target/22067.jpg,2,/storage/users/multicog/mehul/RealismGuidance/output/checkpoints/batch/2026-04-21-23-23-20/14946__22067/n08/img/14946__22067__final__s02__combined.png,/storage/users/multicog/mehul/RealismGuidance/output/checkpoints/batch/2026-04-21-23-23-20/14946__22067/n08/img/14946__22067__final__s02.png
/storage/users/multicog/mehul/RealismGuidance/data/source/14946.jpg,/storage/users/multicog/mehul/RealismGuidance/data/target/22067.jpg,3,/storage/users/multicog/mehul/RealismGuidance/output/checkpoints/batch/2026-04-21-23-23-20/14946__22067/n08/img/14946__22067__final__s03__combined.png,/storage/users/multicog/mehul/RealismGuidance/output/checkpoints/batch/2026-04-21-23-23-20/14946__22067/n08/img/14946__22067__final__s03.png
/storage/users/multicog/mehul/RealismGuidance/data/source/14946.jpg,/storage/users/multicog/mehul/RealismGuidance/data/target/22067.jpg,4,/storage/users/multicog/mehul/RealismGuidance/output/checkpoints/batch/2026-04-21-23-23-20/14946__22067/n08/img/14946__22067__final__s04__combined.png,/storage/users/multicog/mehul/RealismGuidance/output/checkpoints/batch/2026-04-21-23-23-20/14946__22067/n08/img/14946__22067__final__s04.png
/storage/users/multicog/mehul/RealismGuidance/data/source/14946.jpg,/storage/users/multicog/mehul/RealismGuidance/data/target/22067.jpg,5,/storage/users/multicog/mehul/RealismGuidance/output/checkpoints/batch/2026-04-21-23-23-20/14946__22067/n08/img/14946__22067__final__s05__combined.png,/storage/users/multicog/mehul/RealismGuidance/output/checkpoints/batch/2026-04-21-23-23-20/14946__22067/n08/img/14946__22067__final__s05.png
/storage/users/multicog/mehul/RealismGuidance/data/source/14946.jpg,/storage/users/multicog/mehul/RealismGuidance/data/target/22067.jpg,6,/storage/users/multicog/mehul/RealismGuidance/output/checkpoints/batch/2026-04-21-23-23-20/14946__22067/n08/img/14946__22067__final__s06__combined.png,/storage/users/multicog/mehul/RealismGuidance/output/checkpoints/batch/2026-04-21-23-23-20/14946__22067/n08/img/14946__22067__final__s06.png
/storage/users/multicog/mehul/RealismGuidance/data/source/14946.jpg,/storage/users/multicog/mehul/RealismGuidance/data/target/22067.jpg,7,/storage/users/multicog/mehul/RealismGuidance/output/checkpoints/batch/2026-04-21-23-23-20/14946__22067/n08/img/14946__22067__final__s07__combined.png,/storage/users/multicog/mehul/RealismGuidance/output/checkpoints/batch/2026-04-21-23-23-20/14946__22067/n08/img/14946__22067__final__s07.png
/storage/users/multicog/mehul/RealismGuidance/data/source/24634.jpg,/storage/users/multicog/mehul/RealismGuidance/data/target/21053.jpg,0,/storage/users/multicog/mehul/RealismGuidance/output/checkpoints/batch/2026-04-21-23-23-20/24634__21053/n08/img/24634__21053__final__s00__combined.png,/storage/users/multicog/mehul/RealismGuidance/output/checkpoints/batch/2026-04-21-23-23-20/24634__21053/n08/img/24634__21053__final__s00.png
/storage/users/multicog/mehul/RealismGuidance/data/source/24634.jpg,/storage/users/multicog/mehul/RealismGuidance/data/target/21053.jpg,1,/storage/users/multicog/mehul/RealismGuidance/output/checkpoints/batch/2026-04-21-23-23-20/24634__21053/n08/img/24634__21053__final__s01__combined.png,/storage/users/multicog/mehul/RealismGuidance/output/checkpoints/batch/2026-04-21-23-23-20/24634__21053/n08/img/24634__21053__final__s01.png
/storage/users/multicog/mehul/RealismGuidance/data/source/24634.jpg,/storage/users/multicog/mehul/RealismGuidance/data/target/21053.jpg,2,/storage/users/multicog/mehul/RealismGuidance/output/checkpoints/batch/2026-04-21-23-23-20/24634__21053/n08/img/24634__21053__final__s02__combined.png,/storage/users/multicog/mehul/RealismGuidance/output/checkpoints/batch/2026-04-21-23-23-20/24634__21053/n08/img/24634__21053__final__s02.png
/storage/users/multicog/mehul/RealismGuidance/data/source/24634.jpg,/storage/users/multicog/mehul/RealismGuidance/data/target/21053.jpg,3,/storage/users/multicog/mehul/RealismGuidance/output/checkpoints/batch/2026-04-21-23-23-20/24634__21053/n08/img/24634__21053__final__s03__combined.png,/storage/users/multicog/mehul/RealismGuidance/output/checkpoints/batch/2026-04-21-23-23-20/24634__21053/n08/img/24634__21053__final__s03.png
/storage/users/multicog/mehul/RealismGuidance/data/source/24634.jpg,/storage/users/multicog/mehul/RealismGuidance/data/target/21053.jpg,4,/storage/users/multicog/mehul/RealismGuidance/output/checkpoints/batch/2026-04-21-23-23-20/24634__21053/n08/img/24634__21053__final__s04__combined.png,/storage/users/multicog/mehul/RealismGuidance/output/checkpoints/batch/2026-04-21-23-23-20/24634__21053/n08/img/24634__21053__final__s04.png
/storage/users/multicog/mehul/RealismGuidance/data/source/24634.jpg,/storage/users/multicog/mehul/RealismGuidance/data/target/21053.jpg,5,/storage/users/multicog/mehul/RealismGuidance/output/checkpoints/batch/2026-04-21-23-23-20/24634__21053/n08/img/24634__21053__final__s05__combined.png,/storage/users/multicog/mehul/RealismGuidance/output/checkpoints/batch/2026-04-21-23-23-20/24634__21053/n08/img/24634__21053__final__s05.png
/storage/users/multicog/mehul/RealismGuidance/data/source/24634.jpg,/storage/users/multicog/mehul/RealismGuidance/data/target/21053.jpg,6,/storage/users/multicog/mehul/RealismGuidance/output/checkpoints/batch/2026-04-21-23-23-20/24634__21053/n08/img/24634__21053__final__s06__combined.png,/storage/users/multicog/mehul/RealismGuidance/output/checkpoints/batch/2026-04-21-23-23-20/24634__21053/n08/img/24634__21053__final__s06.png
/storage/users/multicog/mehul/RealismGuidance/data/source/24634.jpg,/storage/users/multicog/mehul/RealismGuidance/data/target/21053.jpg,7,/storage/users/multicog/mehul/RealismGuidance/output/checkpoints/batch/2026-04-21-23-23-20/24634__21053/n08/img/24634__21053__final__s07__combined.png,/storage/users/multicog/mehul/RealismGuidance/output/checkpoints/batch/2026-04-21-23-23-20/24634__21053/n08/img/24634__21053__final__s07.png
/storage/users/multicog/mehul/RealismGuidance/data/source/15942.jpg,/storage/users/multicog/mehul/RealismGuidance/data/target/06575.jpg,0,/storage/users/multicog/mehul/RealismGuidance/output/checkpoints/batch/2026-04-21-23-23-20/15942__06575/n08/img/15942__06575__final__s00__combined.png,/storage/users/multicog/mehul/RealismGuidance/output/checkpoints/batch/2026-04-21-23-23-20/15942__06575/n08/img/15942__06575__final__s00.png
/storage/users/multicog/mehul/RealismGuidance/data/source/15942.jpg,/storage/users/multicog/mehul/RealismGuidance/data/target/06575.jpg,1,/storage/users/multicog/mehul/RealismGuidance/output/checkpoints/batch/2026-04-21-23-23-20/15942__06575/n08/img/15942__06575__final__s01__combined.png,/storage/users/multicog/mehul/RealismGuidance/output/checkpoints/batch/2026-04-21-23-23-20/15942__06575/n08/img/15942__06575__final__s01.png
/storage/users/multicog/mehul/RealismGuidance/data/source/15942.jpg,/storage/users/multicog/mehul/RealismGuidance/data/target/06575.jpg,2,/storage/users/multicog/mehul/RealismGuidance/output/checkpoints/batch/2026-04-21-23-23-20/15942__06575/n08/img/15942__06575__final__s02__combined.png,/storage/users/multicog/mehul/RealismGuidance/output/checkpoints/batch/2026-04-21-23-23-20/15942__06575/n08/img/15942__06575__final__s02.png
/storage/users/multicog/mehul/RealismGuidance/data/source/15942.jpg,/storage/users/multicog/mehul/RealismGuidance/data/target/06575.jpg,3,/storage/users/multicog/mehul/RealismGuidance/output/checkpoints/batch/2026-04-21-23-23-20/15942__06575/n08/img/15942__06575__final__s03__combined.png,/storage/users/multicog/mehul/RealismGuidance/output/checkpoints/batch/2026-04-21-23-23-20/15942__06575/n08/img/15942__06575__final__s03.png
/storage/users/multicog/mehul/RealismGuidance/data/source/15942.jpg,/storage/users/multicog/mehul/RealismGuidance/data/target/06575.jpg,4,/storage/users/multicog/mehul/RealismGuidance/output/checkpoints/batch/2026-04-21-23-23-20/15942__06575/n08/img/15942__06575__final__s04__combined.png,/storage/users/multicog/mehul/RealismGuidance/output/checkpoints/batch/2026-04-21-23-23-20/15942__06575/n08/img/15942__06575__final__s04.png
/storage/users/multicog/mehul/RealismGuidance/data/source/15942.jpg,/storage/users/multicog/mehul/RealismGuidance/data/target/06575.jpg,5,/storage/users/multicog/mehul/RealismGuidance/output/checkpoints/batch/2026-04-21-23-23-20/15942__06575/n08/img/15942__06575__final__s05__combined.png,/storage/users/multicog/mehul/RealismGuidance/output/checkpoints/batch/2026-04-21-23-23-20/15942__06575/n08/img/15942__06575__final__s05.png
/storage/users/multicog/mehul/RealismGuidance/data/source/15942.jpg,/storage/users/multicog/mehul/RealismGuidance/data/target/06575.jpg,6,/storage/users/multicog/mehul/RealismGuidance/output/checkpoints/batch/2026-04-21-23-23-20/15942__06575/n08/img/15942__06575__final__s06__combined.png,/storage/users/multicog/mehul/RealismGuidance/output/checkpoints/batch/2026-04-21-23-23-20/15942__06575/n08/img/15942__06575__final__s06.png
/storage/users/multicog/mehul/RealismGuidance/data/source/15942.jpg,/storage/users/multicog/mehul/RealismGuidance/data/target/06575.jpg,7,/storage/users/multicog/mehul/RealismGuidance/output/checkpoints/batch/2026-04-21-23-23-20/15942__06575/n08/img/15942__06575__final__s07__combined.png,/storage/users/multicog/mehul/RealismGuidance/output/checkpoints/batch/2026-04-21-23-23-20/15942__06575/n08/img/15942__06575__final__s07.png
/storage/users/multicog/mehul/RealismGuidance/data/source/01745.jpg,/storage/users/multicog/mehul/RealismGuidance/data/target/19797.jpg,0,/storage/users/multicog/mehul/RealismGuidance/output/checkpoints/batch/2026-04-21-23-23-20/01745__19797/n08/img/01745__19797__final__s00__combined.png,/storage/users/multicog/mehul/RealismGuidance/output/checkpoints/batch/2026-04-21-23-23-20/01745__19797/n08/img/01745__19797__final__s00.png
/storage/users/multicog/mehul/RealismGuidance/data/source/01745.jpg,/storage/users/multicog/mehul/RealismGuidance/data/target/19797.jpg,1,/storage/users/multicog/mehul/RealismGuidance/output/checkpoints/batch/2026-04-21-23-23-20/01745__19797/n08/img/01745__19797__final__s01__combined.png,/storage/users/multicog/mehul/RealismGuidance/output/checkpoints/batch/2026-04-21-23-23-20/01745__19797/n08/img/01745__19797__final__s01.png
/storage/users/multicog/mehul/RealismGuidance/data/source/01745.jpg,/storage/users/multicog/mehul/RealismGuidance/data/target/19797.jpg,2,/storage/users/multicog/mehul/RealismGuidance/output/checkpoints/batch/2026-04-21-23-23-20/01745__19797/n08/img/01745__19797__final__s02__combined.png,/storage/users/multicog/mehul/RealismGuidance/output/checkpoints/batch/2026-04-21-23-23-20/01745__19797/n08/img/01745__19797__final__s02.png
/storage/users/multicog/mehul/RealismGuidance/data/source/01745.jpg,/storage/users/multicog/mehul/RealismGuidance/data/target/19797.jpg,3,/storage/users/multicog/mehul/RealismGuidance/output/checkpoints/batch/2026-04-21-23-23-20/01745__19797/n08/img/01745__19797__final__s03__combined.png,/storage/users/multicog/mehul/RealismGuidance/output/checkpoints/batch/2026-04-21-23-23-20/01745__19797/n08/img/01745__19797__final__s03.png
/storage/users/multicog/mehul/RealismGuidance/data/source/01745.jpg,/storage/users/multicog/mehul/RealismGuidance/data/target/19797.jpg,4,/storage/users/multicog/mehul/RealismGuidance/output/checkpoints/batch/2026-04-21-23-23-20/01745__19797/n08/img/01745__19797__final__s04__combined.png,/storage/users/multicog/mehul/RealismGuidance/output/checkpoints/batch/2026-04-21-23-23-20/01745__19797/n08/img/01745__19797__final__s04.png
/storage/users/multicog/mehul/RealismGuidance/data/source/01745.jpg,/storage/users/multicog/mehul/RealismGuidance/data/target/19797.jpg,5,/storage/users/multicog/mehul/RealismGuidance/output/checkpoints/batch/2026-04-21-23-23-20/01745__19797/n08/img/01745__19797__final__s05__combined.png,/storage/users/multicog/mehul/RealismGuidance/output/checkpoints/batch/2026-04-21-23-23-20/01745__19797/n08/img/01745__19797__final__s05.png
/storage/users/multicog/mehul/RealismGuidance/data/source/01745.jpg,/storage/users/multicog/mehul/RealismGuidance/data/target/19797.jpg,6,/storage/users/multicog/mehul/RealismGuidance/output/checkpoints/batch/2026-04-21-23-23-20/01745__19797/n08/img/01745__19797__final__s06__combined.png,/storage/users/multicog/mehul/RealismGuidance/output/checkpoints/batch/2026-04-21-23-23-20/01745__19797/n08/img/01745__19797__final__s06.png
/storage/users/multicog/mehul/RealismGuidance/data/source/01745.jpg,/storage/users/multicog/mehul/RealismGuidance/data/target/19797.jpg,7,/storage/users/multicog/mehul/RealismGuidance/output/checkpoints/batch/2026-04-21-23-23-20/01745__19797/n08/img/01745__19797__final__s07__combined.png,/storage/users/multicog/mehul/RealismGuidance/output/checkpoints/batch/2026-04-21-23-23-20/01745__19797/n08/img/01745__19797__final__s07.png
/storage/users/multicog/mehul/RealismGuidance/data/source/18422.jpg,/storage/users/multicog/mehul/RealismGuidance/data/target/19075.jpg,0,/storage/users/multicog/mehul/RealismGuidance/output/checkpoints/batch/2026-04-21-23-23-20/18422__19075/n08/img/18422__19075__final__s00__combined.png,/storage/users/multicog/mehul/RealismGuidance/output/checkpoints/batch/2026-04-21-23-23-20/18422__19075/n08/img/18422__19075__final__s00.png
/storage/users/multicog/mehul/RealismGuidance/data/source/18422.jpg,/storage/users/multicog/mehul/RealismGuidance/data/target/19075.jpg,1,/storage/users/multicog/mehul/RealismGuidance/output/checkpoints/batch/2026-04-21-23-23-20/18422__19075/n08/img/18422__19075__final__s01__combined.png,/storage/users/multicog/mehul/RealismGuidance/output/checkpoints/batch/2026-04-21-23-23-20/18422__19075/n08/img/18422__19075__final__s01.png
/storage/users/multicog/mehul/RealismGuidance/data/source/18422.jpg,/storage/users/multicog/mehul/RealismGuidance/data/target/19075.jpg,2,/storage/users/multicog/mehul/RealismGuidance/output/checkpoints/batch/2026-04-21-23-23-20/18422__19075/n08/img/18422__19075__final__s02__combined.png,/storage/users/multicog/mehul/RealismGuidance/output/checkpoints/batch/2026-04-21-23-23-20/18422__19075/n08/img/18422__19075__final__s02.png
/storage/users/multicog/mehul/RealismGuidance/data/source/18422.jpg,/storage/users/multicog/mehul/RealismGuidance/data/target/19075.jpg,3,/storage/users/multicog/mehul/RealismGuidance/output/checkpoints/batch/2026-04-21-23-23-20/18422__19075/n08/img/18422__19075__final__s03__combined.png,/storage/users/multicog/mehul/RealismGuidance/output/checkpoints/batch/2026-04-21-23-23-20/18422__19075/n08/img/18422__19075__final__s03.png
/storage/users/multicog/mehul/RealismGuidance/data/source/18422.jpg,/storage/users/multicog/mehul/RealismGuidance/data/target/19075.jpg,4,/storage/users/multicog/mehul/RealismGuidance/output/checkpoints/batch/2026-04-21-23-23-20/18422__19075/n08/img/18422__19075__final__s04__combined.png,/storage/users/multicog/mehul/RealismGuidance/output/checkpoints/batch/2026-04-21-23-23-20/18422__19075/n08/img/18422__19075__final__s04.png
/storage/users/multicog/mehul/RealismGuidance/data/source/18422.jpg,/storage/users/multicog/mehul/RealismGuidance/data/target/19075.jpg,5,/storage/users/multicog/mehul/RealismGuidance/output/checkpoints/batch/2026-04-21-23-23-20/18422__19075/n08/img/18422__19075__final__s05__combined.png,/storage/users/multicog/mehul/RealismGuidance/output/checkpoints/batch/2026-04-21-23-23-20/18422__19075/n08/img/18422__19075__final__s05.png
/storage/users/multicog/mehul/RealismGuidance/data/source/18422.jpg,/storage/users/multicog/mehul/RealismGuidance/data/target/19075.jpg,6,/storage/users/multicog/mehul/RealismGuidance/output/checkpoints/batch/2026-04-21-23-23-20/18422__19075/n08/img/18422__19075__final__s06__combined.png,/storage/users/multicog/mehul/RealismGuidance/output/checkpoints/batch/2026-04-21-23-23-20/18422__19075/n08/img/18422__19075__final__s06.png
/storage/users/multicog/mehul/RealismGuidance/data/source/18422.jpg,/storage/users/multicog/mehul/RealismGuidance/data/target/19075.jpg,7,/storage/users/multicog/mehul/RealismGuidance/output/checkpoints/batch/2026-04-21-23-23-20/18422__19075/n08/img/18422__19075__final__s07__combined.png,/storage/users/multicog/mehul/RealismGuidance/output/checkpoints/batch/2026-04-21-23-23-20/18422__19075/n08/img/18422__19075__final__s07.png
/storage/users/multicog/mehul/RealismGuidance/data/source/20652.jpg,/storage/users/multicog/mehul/RealismGuidance/data/target/19077.jpg,0,/storage/users/multicog/mehul/RealismGuidance/output/checkpoints/batch/2026-04-21-23-23-20/20652__19077/n08/img/20652__19077__final__s00__combined.png,/storage/users/multicog/mehul/RealismGuidance/output/checkpoints/batch/2026-04-21-23-23-20/20652__19077/n08/img/20652__19077__final__s00.png
/storage/users/multicog/mehul/RealismGuidance/data/source/20652.jpg,/storage/users/multicog/mehul/RealismGuidance/data/target/19077.jpg,1,/storage/users/multicog/mehul/RealismGuidance/output/checkpoints/batch/2026-04-21-23-23-20/20652__19077/n08/img/20652__19077__final__s01__combined.png,/storage/users/multicog/mehul/RealismGuidance/output/checkpoints/batch/2026-04-21-23-23-20/20652__19077/n08/img/20652__19077__final__s01.png
/storage/users/multicog/mehul/RealismGuidance/data/source/20652.jpg,/storage/users/multicog/mehul/RealismGuidance/data/target/19077.jpg,2,/storage/users/multicog/mehul/RealismGuidance/output/checkpoints/batch/2026-04-21-23-23-20/20652__19077/n08/img/20652__19077__final__s02__combined.png,/storage/users/multicog/mehul/RealismGuidance/output/checkpoints/batch/2026-04-21-23-23-20/20652__19077/n08/img/20652__19077__final__s02.png
/storage/users/multicog/mehul/RealismGuidance/data/source/20652.jpg,/storage/users/multicog/mehul/RealismGuidance/data/target/19077.jpg,3,/storage/users/multicog/mehul/RealismGuidance/output/checkpoints/batch/2026-04-21-23-23-20/20652__19077/n08/img/20652__19077__final__s03__combined.png,/storage/users/multicog/mehul/RealismGuidance/output/checkpoints/batch/2026-04-21-23-23-20/20652__19077/n08/img/20652__19077__final__s03.png
/storage/users/multicog/mehul/RealismGuidance/data/source/20652.jpg,/storage/users/multicog/mehul/RealismGuidance/data/target/19077.jpg,4,/storage/users/multicog/mehul/RealismGuidance/output/checkpoints/batch/2026-04-21-23-23-20/20652__19077/n08/img/20652__19077__final__s04__combined.png,/storage/users/multicog/mehul/RealismGuidance/output/checkpoints/batch/2026-04-21-23-23-20/20652__19077/n08/img/20652__19077__final__s04.png
/storage/users/multicog/mehul/RealismGuidance/data/source/20652.jpg,/storage/users/multicog/mehul/RealismGuidance/data/target/19077.jpg,5,/storage/users/multicog/mehul/RealismGuidance/output/checkpoints/batch/2026-04-21-23-23-20/20652__19077/n08/img/20652__19077__final__s05__combined.png,/storage/users/multicog/mehul/RealismGuidance/output/checkpoints/batch/2026-04-21-23-23-20/20652__19077/n08/img/20652__19077__final__s05.png
/storage/users/multicog/mehul/RealismGuidance/data/source/20652.jpg,/storage/users/multicog/mehul/RealismGuidance/data/target/19077.jpg,6,/storage/users/multicog/mehul/RealismGuidance/output/checkpoints/batch/2026-04-21-23-23-20/20652__19077/n08/img/20652__19077__final__s06__combined.png,/storage/users/multicog/mehul/RealismGuidance/output/checkpoints/batch/2026-04-21-23-23-20/20652__19077/n08/img/20652__19077__final__s06.png
/storage/users/multicog/mehul/RealismGuidance/data/source/20652.jpg,/storage/users/multicog/mehul/RealismGuidance/data/target/19077.jpg,7,/storage/users/multicog/mehul/RealismGuidance/output/checkpoints/batch/2026-04-21-23-23-20/20652__19077/n08/img/20652__19077__final__s07__combined.png,/storage/users/multicog/mehul/RealismGuidance/output/checkpoints/batch/2026-04-21-23-23-20/20652__19077/n08/img/20652__19077__final__s07.png
/storage/users/multicog/mehul/RealismGuidance/data/source/29653.jpg,/storage/users/multicog/mehul/RealismGuidance/data/target/06328.jpg,0,/storage/users/multicog/mehul/RealismGuidance/output/checkpoints/batch/2026-04-21-23-23-20/29653__06328/n08/img/29653__06328__final__s00__combined.png,/storage/users/multicog/mehul/RealismGuidance/output/checkpoints/batch/2026-04-21-23-23-20/29653__06328/n08/img/29653__06328__final__s00.png
/storage/users/multicog/mehul/RealismGuidance/data/source/29653.jpg,/storage/users/multicog/mehul/RealismGuidance/data/target/06328.jpg,1,/storage/users/multicog/mehul/RealismGuidance/output/checkpoints/batch/2026-04-21-23-23-20/29653__06328/n08/img/29653__06328__final__s01__combined.png,/storage/users/multicog/mehul/RealismGuidance/output/checkpoints/batch/2026-04-21-23-23-20/29653__06328/n08/img/29653__06328__final__s01.png
/storage/users/multicog/mehul/RealismGuidance/data/source/29653.jpg,/storage/users/multicog/mehul/RealismGuidance/data/target/06328.jpg,2,/storage/users/multicog/mehul/RealismGuidance/output/checkpoints/batch/2026-04-21-23-23-20/29653__06328/n08/img/29653__06328__final__s02__combined.png,/storage/users/multicog/mehul/RealismGuidance/output/checkpoints/batch/2026-04-21-23-23-20/29653__06328/n08/img/29653__06328__final__s02.png
/storage/users/multicog/mehul/RealismGuidance/data/source/29653.jpg,/storage/users/multicog/mehul/RealismGuidance/data/target/06328.jpg,3,/storage/users/multicog/mehul/RealismGuidance/output/checkpoints/batch/2026-04-21-23-23-20/29653__06328/n08/img/29653__06328__final__s03__combined.png,/storage/users/multicog/mehul/RealismGuidance/output/checkpoints/batch/2026-04-21-23-23-20/29653__06328/n08/img/29653__06328__final__s03.png
/storage/users/multicog/mehul/RealismGuidance/data/source/29653.jpg,/storage/users/multicog/mehul/RealismGuidance/data/target/06328.jpg,4,/storage/users/multicog/mehul/RealismGuidance/output/checkpoints/batch/2026-04-21-23-23-20/29653__06328/n08/img/29653__06328__final__s04__combined.png,/storage/users/multicog/mehul/RealismGuidance/output/checkpoints/batch/2026-04-21-23-23-20/29653__06328/n08/img/29653__06328__final__s04.png
/storage/users/multicog/mehul/RealismGuidance/data/source/29653.jpg,/storage/users/multicog/mehul/RealismGuidance/data/target/06328.jpg,5,/storage/users/multicog/mehul/RealismGuidance/output/checkpoints/batch/2026-04-21-23-23-20/29653__06328/n08/img/29653__06328__final__s05__combined.png,/storage/users/multicog/mehul/RealismGuidance/output/checkpoints/batch/2026-04-21-23-23-20/29653__06328/n08/img/29653__06328__final__s05.png
/storage/users/multicog/mehul/RealismGuidance/data/source/29653.jpg,/storage/users/multicog/mehul/RealismGuidance/data/target/06328.jpg,6,/storage/users/multicog/mehul/RealismGuidance/output/checkpoints/batch/2026-04-21-23-23-20/29653__06328/n08/img/29653__06328__final__s06__combined.png,/storage/users/multicog/mehul/RealismGuidance/output/checkpoints/batch/2026-04-21-23-23-20/29653__06328/n08/img/29653__06328__final__s06.png
/storage/users/multicog/mehul/RealismGuidance/data/source/29653.jpg,/storage/users/multicog/mehul/RealismGuidance/data/target/06328.jpg,7,/storage/users/multicog/mehul/RealismGuidance/output/checkpoints/batch/2026-04-21-23-23-20/29653__06328/n08/img/29653__06328__final__s07__combined.png,/storage/users/multicog/mehul/RealismGuidance/output/checkpoints/batch/2026-04-21-23-23-20/29653__06328/n08/img/29653__06328__final__s07.png
/storage/users/multicog/mehul/RealismGuidance/data/source/29995.jpg,/storage/users/multicog/mehul/RealismGuidance/data/target/10782.jpg,0,/storage/users/multicog/mehul/RealismGuidance/output/checkpoints/batch/2026-04-21-23-23-20/29995__10782/n08/img/29995__10782__final__s00__combined.png,/storage/users/multicog/mehul/RealismGuidance/output/checkpoints/batch/2026-04-21-23-23-20/29995__10782/n08/img/29995__10782__final__s00.png
/storage/users/multicog/mehul/RealismGuidance/data/source/29995.jpg,/storage/users/multicog/mehul/RealismGuidance/data/target/10782.jpg,1,/storage/users/multicog/mehul/RealismGuidance/output/checkpoints/batch/2026-04-21-23-23-20/29995__10782/n08/img/29995__10782__final__s01__combined.png,/storage/users/multicog/mehul/RealismGuidance/output/checkpoints/batch/2026-04-21-23-23-20/29995__10782/n08/img/29995__10782__final__s01.png
/storage/users/multicog/mehul/RealismGuidance/data/source/29995.jpg,/storage/users/multicog/mehul/RealismGuidance/data/target/10782.jpg,2,/storage/users/multicog/mehul/RealismGuidance/output/checkpoints/batch/2026-04-21-23-23-20/29995__10782/n08/img/29995__10782__final__s02__combined.png,/storage/users/multicog/mehul/RealismGuidance/output/checkpoints/batch/2026-04-21-23-23-20/29995__10782/n08/img/29995__10782__final__s02.png
/storage/users/multicog/mehul/RealismGuidance/data/source/29995.jpg,/storage/users/multicog/mehul/RealismGuidance/data/target/10782.jpg,3,/storage/users/multicog/mehul/RealismGuidance/output/checkpoints/batch/2026-04-21-23-23-20/29995__10782/n08/img/29995__10782__final__s03__combined.png,/storage/users/multicog/mehul/RealismGuidance/output/checkpoints/batch/2026-04-21-23-23-20/29995__10782/n08/img/29995__10782__final__s03.png
/storage/users/multicog/mehul/RealismGuidance/data/source/29995.jpg,/storage/users/multicog/mehul/RealismGuidance/data/target/10782.jpg,4,/storage/users/multicog/mehul/RealismGuidance/output/checkpoints/batch/2026-04-21-23-23-20/29995__10782/n08/img/29995__10782__final__s04__combined.png,/storage/users/multicog/mehul/RealismGuidance/output/checkpoints/batch/2026-04-21-23-23-20/29995__10782/n08/img/29995__10782__final__s04.png
/storage/users/multicog/mehul/RealismGuidance/data/source/29995.jpg,/storage/users/multicog/mehul/RealismGuidance/data/target/10782.jpg,5,/storage/users/multicog/mehul/RealismGuidance/output/checkpoints/batch/2026-04-21-23-23-20/29995__10782/n08/img/29995__10782__final__s05__combined.png,/storage/users/multicog/mehul/RealismGuidance/output/checkpoints/batch/2026-04-21-23-23-20/29995__10782/n08/img/29995__10782__final__s05.png
/storage/users/multicog/mehul/RealismGuidance/data/source/29995.jpg,/storage/users/multicog/mehul/RealismGuidance/data/target/10782.jpg,6,/storage/users/multicog/mehul/RealismGuidance/output/checkpoints/batch/2026-04-21-23-23-20/29995__10782/n08/img/29995__10782__final__s06__combined.png,/storage/users/multicog/mehul/RealismGuidance/output/checkpoints/batch/2026-04-21-23-23-20/29995__10782/n08/img/29995__10782__final__s06.png
/storage/users/multicog/mehul/RealismGuidance/data/source/29995.jpg,/storage/users/multicog/mehul/RealismGuidance/data/target/10782.jpg,7,/storage/users/multicog/mehul/RealismGuidance/output/checkpoints/batch/2026-04-21-23-23-20/29995__10782/n08/img/29995__10782__final__s07__combined.png,/storage/users/multicog/mehul/RealismGuidance/output/checkpoints/batch/2026-04-21-23-23-20/29995__10782/n08/img/29995__10782__final__s07.png
/storage/users/multicog/mehul/RealismGuidance/data/source/22937.jpg,/storage/users/multicog/mehul/RealismGuidance/data/target/12036.jpg,0,/storage/users/multicog/mehul/RealismGuidance/output/checkpoints/batch/2026-04-21-23-23-20/22937__12036/n08/img/22937__12036__final__s00__combined.png,/storage/users/multicog/mehul/RealismGuidance/output/checkpoints/batch/2026-04-21-23-23-20/22937__12036/n08/img/22937__12036__final__s00.png
/storage/users/multicog/mehul/RealismGuidance/data/source/22937.jpg,/storage/users/multicog/mehul/RealismGuidance/data/target/12036.jpg,1,/storage/users/multicog/mehul/RealismGuidance/output/checkpoints/batch/2026-04-21-23-23-20/22937__12036/n08/img/22937__12036__final__s01__combined.png,/storage/users/multicog/mehul/RealismGuidance/output/checkpoints/batch/2026-04-21-23-23-20/22937__12036/n08/img/22937__12036__final__s01.png
/storage/users/multicog/mehul/RealismGuidance/data/source/22937.jpg,/storage/users/multicog/mehul/RealismGuidance/data/target/12036.jpg,2,/storage/users/multicog/mehul/RealismGuidance/output/checkpoints/batch/2026-04-21-23-23-20/22937__12036/n08/img/22937__12036__final__s02__combined.png,/storage/users/multicog/mehul/RealismGuidance/output/checkpoints/batch/2026-04-21-23-23-20/22937__12036/n08/img/22937__12036__final__s02.png
/storage/users/multicog/mehul/RealismGuidance/data/source/22937.jpg,/storage/users/multicog/mehul/RealismGuidance/data/target/12036.jpg,3,/storage/users/multicog/mehul/RealismGuidance/output/checkpoints/batch/2026-04-21-23-23-20/22937__12036/n08/img/22937__12036__final__s03__combined.png,/storage/users/multicog/mehul/RealismGuidance/output/checkpoints/batch/2026-04-21-23-23-20/22937__12036/n08/img/22937__12036__final__s03.png
/storage/users/multicog/mehul/RealismGuidance/data/source/22937.jpg,/storage/users/multicog/mehul/RealismGuidance/data/target/12036.jpg,4,/storage/users/multicog/mehul/RealismGuidance/output/checkpoints/batch/2026-04-21-23-23-20/22937__12036/n08/img/22937__12036__final__s04__combined.png,/storage/users/multicog/mehul/RealismGuidance/output/checkpoints/batch/2026-04-21-23-23-20/22937__12036/n08/img/22937__12036__final__s04.png
/storage/users/multicog/mehul/RealismGuidance/data/source/22937.jpg,/storage/users/multicog/mehul/RealismGuidance/data/target/12036.jpg,5,/storage/users/multicog/mehul/RealismGuidance/output/checkpoints/batch/2026-04-21-23-23-20/22937__12036/n08/img/22937__12036__final__s05__combined.png,/storage/users/multicog/mehul/RealismGuidance/output/checkpoints/batch/2026-04-21-23-23-20/22937__12036/n08/img/22937__12036__final__s05.png
/storage/users/multicog/mehul/RealismGuidance/data/source/22937.jpg,/storage/users/multicog/mehul/RealismGuidance/data/target/12036.jpg,6,/storage/users/multicog/mehul/RealismGuidance/output/checkpoints/batch/2026-04-21-23-23-20/22937__12036/n08/img/22937__12036__final__s06__combined.png,/storage/users/multicog/mehul/RealismGuidance/output/checkpoints/batch/2026-04-21-23-23-20/22937__12036/n08/img/22937__12036__final__s06.png
/storage/users/multicog/mehul/RealismGuidance/data/source/22937.jpg,/storage/users/multicog/mehul/RealismGuidance/data/target/12036.jpg,7,/storage/users/multicog/mehul/RealismGuidance/output/checkpoints/batch/2026-04-21-23-23-20/22937__12036/n08/img/22937__12036__final__s07__combined.png,/storage/users/multicog/mehul/RealismGuidance/output/checkpoints/batch/2026-04-21-23-23-20/22937__12036/n08/img/22937__12036__final__s07.png
/storage/users/multicog/mehul/RealismGuidance/data/source/21464.jpg,/storage/users/multicog/mehul/RealismGuidance/data/target/08608.jpg,0,/storage/users/multicog/mehul/RealismGuidance/output/checkpoints/batch/2026-04-21-23-23-20/21464__08608/n08/img/21464__08608__final__s00__combined.png,/storage/users/multicog/mehul/RealismGuidance/output/checkpoints/batch/2026-04-21-23-23-20/21464__08608/n08/img/21464__08608__final__s00.png
/storage/users/multicog/mehul/RealismGuidance/data/source/21464.jpg,/storage/users/multicog/mehul/RealismGuidance/data/target/08608.jpg,1,/storage/users/multicog/mehul/RealismGuidance/output/checkpoints/batch/2026-04-21-23-23-20/21464__08608/n08/img/21464__08608__final__s01__combined.png,/storage/users/multicog/mehul/RealismGuidance/output/checkpoints/batch/2026-04-21-23-23-20/21464__08608/n08/img/21464__08608__final__s01.png
/storage/users/multicog/mehul/RealismGuidance/data/source/21464.jpg,/storage/users/multicog/mehul/RealismGuidance/data/target/08608.jpg,2,/storage/users/multicog/mehul/RealismGuidance/output/checkpoints/batch/2026-04-21-23-23-20/21464__08608/n08/img/21464__08608__final__s02__combined.png,/storage/users/multicog/mehul/RealismGuidance/output/checkpoints/batch/2026-04-21-23-23-20/21464__08608/n08/img/21464__08608__final__s02.png
/storage/users/multicog/mehul/RealismGuidance/data/source/21464.jpg,/storage/users/multicog/mehul/RealismGuidance/data/target/08608.jpg,3,/storage/users/multicog/mehul/RealismGuidance/output/checkpoints/batch/2026-04-21-23-23-20/21464__08608/n08/img/21464__08608__final__s03__combined.png,/storage/users/multicog/mehul/RealismGuidance/output/checkpoints/batch/2026-04-21-23-23-20/21464__08608/n08/img/21464__08608__final__s03.png
/storage/users/multicog/mehul/RealismGuidance/data/source/21464.jpg,/storage/users/multicog/mehul/RealismGuidance/data/target/08608.jpg,4,/storage/users/multicog/mehul/RealismGuidance/output/checkpoints/batch/2026-04-21-23-23-20/21464__08608/n08/img/21464__08608__final__s04__combined.png,/storage/users/multicog/mehul/RealismGuidance/output/checkpoints/batch/2026-04-21-23-23-20/21464__08608/n08/img/21464__08608__final__s04.png
/storage/users/multicog/mehul/RealismGuidance/data/source/21464.jpg,/storage/users/multicog/mehul/RealismGuidance/data/target/08608.jpg,5,/storage/users/multicog/mehul/RealismGuidance/output/checkpoints/batch/2026-04-21-23-23-20/21464__08608/n08/img/21464__08608__final__s05__combined.png,/storage/users/multicog/mehul/RealismGuidance/output/checkpoints/batch/2026-04-21-23-23-20/21464__08608/n08/img/21464__08608__final__s05.png
/storage/users/multicog/mehul/RealismGuidance/data/source/21464.jpg,/storage/users/multicog/mehul/RealismGuidance/data/target/08608.jpg,6,/storage/users/multicog/mehul/RealismGuidance/output/checkpoints/batch/2026-04-21-23-23-20/21464__08608/n08/img/21464__08608__final__s06__combined.png,/storage/users/multicog/mehul/RealismGuidance/output/checkpoints/batch/2026-04-21-23-23-20/21464__08608/n08/img/21464__08608__final__s06.png
/storage/users/multicog/mehul/RealismGuidance/data/source/21464.jpg,/storage/users/multicog/mehul/RealismGuidance/data/target/08608.jpg,7,/storage/users/multicog/mehul/RealismGuidance/output/checkpoints/batch/2026-04-21-23-23-20/21464__08608/n08/img/21464__08608__final__s07__combined.png,/storage/users/multicog/mehul/RealismGuidance/output/checkpoints/batch/2026-04-21-23-23-20/21464__08608/n08/img/21464__08608__final__s07.png
/storage/users/multicog/mehul/RealismGuidance/data/source/20700.jpg,/storage/users/multicog/mehul/RealismGuidance/data/target/21828.jpg,0,/storage/users/multicog/mehul/RealismGuidance/output/checkpoints/batch/2026-04-21-23-23-20/20700__21828/n08/img/20700__21828__final__s00__combined.png,/storage/users/multicog/mehul/RealismGuidance/output/checkpoints/batch/2026-04-21-23-23-20/20700__21828/n08/img/20700__21828__final__s00.png
/storage/users/multicog/mehul/RealismGuidance/data/source/20700.jpg,/storage/users/multicog/mehul/RealismGuidance/data/target/21828.jpg,1,/storage/users/multicog/mehul/RealismGuidance/output/checkpoints/batch/2026-04-21-23-23-20/20700__21828/n08/img/20700__21828__final__s01__combined.png,/storage/users/multicog/mehul/RealismGuidance/output/checkpoints/batch/2026-04-21-23-23-20/20700__21828/n08/img/20700__21828__final__s01.png
/storage/users/multicog/mehul/RealismGuidance/data/source/20700.jpg,/storage/users/multicog/mehul/RealismGuidance/data/target/21828.jpg,2,/storage/users/multicog/mehul/RealismGuidance/output/checkpoints/batch/2026-04-21-23-23-20/20700__21828/n08/img/20700__21828__final__s02__combined.png,/storage/users/multicog/mehul/RealismGuidance/output/checkpoints/batch/2026-04-21-23-23-20/20700__21828/n08/img/20700__21828__final__s02.png
/storage/users/multicog/mehul/RealismGuidance/data/source/20700.jpg,/storage/users/multicog/mehul/RealismGuidance/data/target/21828.jpg,3,/storage/users/multicog/mehul/RealismGuidance/output/checkpoints/batch/2026-04-21-23-23-20/20700__21828/n08/img/20700__21828__final__s03__combined.png,/storage/users/multicog/mehul/RealismGuidance/output/checkpoints/batch/2026-04-21-23-23-20/20700__21828/n08/img/20700__21828__final__s03.png
/storage/users/multicog/mehul/RealismGuidance/data/source/20700.jpg,/storage/users/multicog/mehul/RealismGuidance/data/target/21828.jpg,4,/storage/users/multicog/mehul/RealismGuidance/output/checkpoints/batch/2026-04-21-23-23-20/20700__21828/n08/img/20700__21828__final__s04__combined.png,/storage/users/multicog/mehul/RealismGuidance/output/checkpoints/batch/2026-04-21-23-23-20/20700__21828/n08/img/20700__21828__final__s04.png
/storage/users/multicog/mehul/RealismGuidance/data/source/20700.jpg,/storage/users/multicog/mehul/RealismGuidance/data/target/21828.jpg,5,/storage/users/multicog/mehul/RealismGuidance/output/checkpoints/batch/2026-04-21-23-23-20/20700__21828/n08/img/20700__21828__final__s05__combined.png,/storage/users/multicog/mehul/RealismGuidance/output/checkpoints/batch/2026-04-21-23-23-20/20700__21828/n08/img/20700__21828__final__s05.png
/storage/users/multicog/mehul/RealismGuidance/data/source/20700.jpg,/storage/users/multicog/mehul/RealismGuidance/data/target/21828.jpg,6,/storage/users/multicog/mehul/RealismGuidance/output/checkpoints/batch/2026-04-21-23-23-20/20700__21828/n08/img/20700__21828__final__s06__combined.png,/storage/users/multicog/mehul/RealismGuidance/output/checkpoints/batch/2026-04-21-23-23-20/20700__21828/n08/img/20700__21828__final__s06.png
/storage/users/multicog/mehul/RealismGuidance/data/source/20700.jpg,/storage/users/multicog/mehul/RealismGuidance/data/target/21828.jpg,7,/storage/users/multicog/mehul/RealismGuidance/output/checkpoints/batch/2026-04-21-23-23-20/20700__21828/n08/img/20700__21828__final__s07__combined.png,/storage/users/multicog/mehul/RealismGuidance/output/checkpoints/batch/2026-04-21-23-23-20/20700__21828/n08/img/20700__21828__final__s07.png
/storage/users/multicog/mehul/RealismGuidance/data/source/14498.jpg,/storage/users/multicog/mehul/RealismGuidance/data/target/12406.jpg,0,/storage/users/multicog/mehul/RealismGuidance/output/checkpoints/batch/2026-04-21-23-23-20/14498__12406/n08/img/14498__12406__final__s00__combined.png,/storage/users/multicog/mehul/RealismGuidance/output/checkpoints/batch/2026-04-21-23-23-20/14498__12406/n08/img/14498__12406__final__s00.png
/storage/users/multicog/mehul/RealismGuidance/data/source/14498.jpg,/storage/users/multicog/mehul/RealismGuidance/data/target/12406.jpg,1,/storage/users/multicog/mehul/RealismGuidance/output/checkpoints/batch/2026-04-21-23-23-20/14498__12406/n08/img/14498__12406__final__s01__combined.png,/storage/users/multicog/mehul/RealismGuidance/output/checkpoints/batch/2026-04-21-23-23-20/14498__12406/n08/img/14498__12406__final__s01.png
/storage/users/multicog/mehul/RealismGuidance/data/source/14498.jpg,/storage/users/multicog/mehul/RealismGuidance/data/target/12406.jpg,2,/storage/users/multicog/mehul/RealismGuidance/output/checkpoints/batch/2026-04-21-23-23-20/14498__12406/n08/img/14498__12406__final__s02__combined.png,/storage/users/multicog/mehul/RealismGuidance/output/checkpoints/batch/2026-04-21-23-23-20/14498__12406/n08/img/14498__12406__final__s02.png
/storage/users/multicog/mehul/RealismGuidance/data/source/14498.jpg,/storage/users/multicog/mehul/RealismGuidance/data/target/12406.jpg,3,/storage/users/multicog/mehul/RealismGuidance/output/checkpoints/batch/2026-04-21-23-23-20/14498__12406/n08/img/14498__12406__final__s03__combined.png,/storage/users/multicog/mehul/RealismGuidance/output/checkpoints/batch/2026-04-21-23-23-20/14498__12406/n08/img/14498__12406__final__s03.png
/storage/users/multicog/mehul/RealismGuidance/data/source/14498.jpg,/storage/users/multicog/mehul/RealismGuidance/data/target/12406.jpg,4,/storage/users/multicog/mehul/RealismGuidance/output/checkpoints/batch/2026-04-21-23-23-20/14498__12406/n08/img/14498__12406__final__s04__combined.png,/storage/users/multicog/mehul/RealismGuidance/output/checkpoints/batch/2026-04-21-23-23-20/14498__12406/n08/img/14498__12406__final__s04.png
/storage/users/multicog/mehul/RealismGuidance/data/source/14498.jpg,/storage/users/multicog/mehul/RealismGuidance/data/target/12406.jpg,5,/storage/users/multicog/mehul/RealismGuidance/output/checkpoints/batch/2026-04-21-23-23-20/14498__12406/n08/img/14498__12406__final__s05__combined.png,/storage/users/multicog/mehul/RealismGuidance/output/checkpoints/batch/2026-04-21-23-23-20/14498__12406/n08/img/14498__12406__final__s05.png
/storage/users/multicog/mehul/RealismGuidance/data/source/14498.jpg,/storage/users/multicog/mehul/RealismGuidance/data/target/12406.jpg,6,/storage/users/multicog/mehul/RealismGuidance/output/checkpoints/batch/2026-04-21-23-23-20/14498__12406/n08/img/14498__12406__final__s06__combined.png,/storage/users/multicog/mehul/RealismGuidance/output/checkpoints/batch/2026-04-21-23-23-20/14498__12406/n08/img/14498__12406__final__s06.png
/storage/users/multicog/mehul/RealismGuidance/data/source/14498.jpg,/storage/users/multicog/mehul/RealismGuidance/data/target/12406.jpg,7,/storage/users/multicog/mehul/RealismGuidance/output/checkpoints/batch/2026-04-21-23-23-20/14498__12406/n08/img/14498__12406__final__s07__combined.png,/storage/users/multicog/mehul/RealismGuidance/output/checkpoints/batch/2026-04-21-23-23-20/14498__12406/n08/img/14498__12406__final__s07.png
/storage/users/multicog/mehul/RealismGuidance/data/source/29777.jpg,/storage/users/multicog/mehul/RealismGuidance/data/target/06197.jpg,0,/storage/users/multicog/mehul/RealismGuidance/output/checkpoints/batch/2026-04-21-23-23-20/29777__06197/n08/img/29777__06197__final__s00__combined.png,/storage/users/multicog/mehul/RealismGuidance/output/checkpoints/batch/2026-04-21-23-23-20/29777__06197/n08/img/29777__06197__final__s00.png
/storage/users/multicog/mehul/RealismGuidance/data/source/29777.jpg,/storage/users/multicog/mehul/RealismGuidance/data/target/06197.jpg,1,/storage/users/multicog/mehul/RealismGuidance/output/checkpoints/batch/2026-04-21-23-23-20/29777__06197/n08/img/29777__06197__final__s01__combined.png,/storage/users/multicog/mehul/RealismGuidance/output/checkpoints/batch/2026-04-21-23-23-20/29777__06197/n08/img/29777__06197__final__s01.png
/storage/users/multicog/mehul/RealismGuidance/data/source/29777.jpg,/storage/users/multicog/mehul/RealismGuidance/data/target/06197.jpg,2,/storage/users/multicog/mehul/RealismGuidance/output/checkpoints/batch/2026-04-21-23-23-20/29777__06197/n08/img/29777__06197__final__s02__combined.png,/storage/users/multicog/mehul/RealismGuidance/output/checkpoints/batch/2026-04-21-23-23-20/29777__06197/n08/img/29777__06197__final__s02.png
/storage/users/multicog/mehul/RealismGuidance/data/source/29777.jpg,/storage/users/multicog/mehul/RealismGuidance/data/target/06197.jpg,3,/storage/users/multicog/mehul/RealismGuidance/output/checkpoints/batch/2026-04-21-23-23-20/29777__06197/n08/img/29777__06197__final__s03__combined.png,/storage/users/multicog/mehul/RealismGuidance/output/checkpoints/batch/2026-04-21-23-23-20/29777__06197/n08/img/29777__06197__final__s03.png
/storage/users/multicog/mehul/RealismGuidance/data/source/29777.jpg,/storage/users/multicog/mehul/RealismGuidance/data/target/06197.jpg,4,/storage/users/multicog/mehul/RealismGuidance/output/checkpoints/batch/2026-04-21-23-23-20/29777__06197/n08/img/29777__06197__final__s04__combined.png,/storage/users/multicog/mehul/RealismGuidance/output/checkpoints/batch/2026-04-21-23-23-20/29777__06197/n08/img/29777__06197__final__s04.png
/storage/users/multicog/mehul/RealismGuidance/data/source/29777.jpg,/storage/users/multicog/mehul/RealismGuidance/data/target/06197.jpg,5,/storage/users/multicog/mehul/RealismGuidance/output/checkpoints/batch/2026-04-21-23-23-20/29777__06197/n08/img/29777__06197__final__s05__combined.png,/storage/users/multicog/mehul/RealismGuidance/output/checkpoints/batch/2026-04-21-23-23-20/29777__06197/n08/img/29777__06197__final__s05.png
/storage/users/multicog/mehul/RealismGuidance/data/source/29777.jpg,/storage/users/multicog/mehul/RealismGuidance/data/target/06197.jpg,6,/storage/users/multicog/mehul/RealismGuidance/output/checkpoints/batch/2026-04-21-23-23-20/29777__06197/n08/img/29777__06197__final__s06__combined.png,/storage/users/multicog/mehul/RealismGuidance/output/checkpoints/batch/2026-04-21-23-23-20/29777__06197/n08/img/29777__06197__final__s06.png
/storage/users/multicog/mehul/RealismGuidance/data/source/29777.jpg,/storage/users/multicog/mehul/RealismGuidance/data/target/06197.jpg,7,/storage/users/multicog/mehul/RealismGuidance/output/checkpoints/batch/2026-04-21-23-23-20/29777__06197/n08/img/29777__06197__final__s07__combined.png,/storage/users/multicog/mehul/RealismGuidance/output/checkpoints/batch/2026-04-21-23-23-20/29777__06197/n08/img/29777__06197__final__s07.png
/storage/users/multicog/mehul/RealismGuidance/data/source/10146.jpg,/storage/users/multicog/mehul/RealismGuidance/data/target/24544.jpg,0,/storage/users/multicog/mehul/RealismGuidance/output/checkpoints/batch/2026-04-21-23-23-20/10146__24544/n08/img/10146__24544__final__s00__combined.png,/storage/users/multicog/mehul/RealismGuidance/output/checkpoints/batch/2026-04-21-23-23-20/10146__24544/n08/img/10146__24544__final__s00.png
/storage/users/multicog/mehul/RealismGuidance/data/source/10146.jpg,/storage/users/multicog/mehul/RealismGuidance/data/target/24544.jpg,1,/storage/users/multicog/mehul/RealismGuidance/output/checkpoints/batch/2026-04-21-23-23-20/10146__24544/n08/img/10146__24544__final__s01__combined.png,/storage/users/multicog/mehul/RealismGuidance/output/checkpoints/batch/2026-04-21-23-23-20/10146__24544/n08/img/10146__24544__final__s01.png
/storage/users/multicog/mehul/RealismGuidance/data/source/10146.jpg,/storage/users/multicog/mehul/RealismGuidance/data/target/24544.jpg,2,/storage/users/multicog/mehul/RealismGuidance/output/checkpoints/batch/2026-04-21-23-23-20/10146__24544/n08/img/10146__24544__final__s02__combined.png,/storage/users/multicog/mehul/RealismGuidance/output/checkpoints/batch/2026-04-21-23-23-20/10146__24544/n08/img/10146__24544__final__s02.png
/storage/users/multicog/mehul/RealismGuidance/data/source/10146.jpg,/storage/users/multicog/mehul/RealismGuidance/data/target/24544.jpg,3,/storage/users/multicog/mehul/RealismGuidance/output/checkpoints/batch/2026-04-21-23-23-20/10146__24544/n08/img/10146__24544__final__s03__combined.png,/storage/users/multicog/mehul/RealismGuidance/output/checkpoints/batch/2026-04-21-23-23-20/10146__24544/n08/img/10146__24544__final__s03.png
/storage/users/multicog/mehul/RealismGuidance/data/source/10146.jpg,/storage/users/multicog/mehul/RealismGuidance/data/target/24544.jpg,4,/storage/users/multicog/mehul/RealismGuidance/output/checkpoints/batch/2026-04-21-23-23-20/10146__24544/n08/img/10146__24544__final__s04__combined.png,/storage/users/multicog/mehul/RealismGuidance/output/checkpoints/batch/2026-04-21-23-23-20/10146__24544/n08/img/10146__24544__final__s04.png
/storage/users/multicog/mehul/RealismGuidance/data/source/10146.jpg,/storage/users/multicog/mehul/RealismGuidance/data/target/24544.jpg,5,/storage/users/multicog/mehul/RealismGuidance/output/checkpoints/batch/2026-04-21-23-23-20/10146__24544/n08/img/10146__24544__final__s05__combined.png,/storage/users/multicog/mehul/RealismGuidance/output/checkpoints/batch/2026-04-21-23-23-20/10146__24544/n08/img/10146__24544__final__s05.png
/storage/users/multicog/mehul/RealismGuidance/data/source/10146.jpg,/storage/users/multicog/mehul/RealismGuidance/data/target/24544.jpg,6,/storage/users/multicog/mehul/RealismGuidance/output/checkpoints/batch/2026-04-21-23-23-20/10146__24544/n08/img/10146__24544__final__s06__combined.png,/storage/users/multicog/mehul/RealismGuidance/output/checkpoints/batch/2026-04-21-23-23-20/10146__24544/n08/img/10146__24544__final__s06.png
/storage/users/multicog/mehul/RealismGuidance/data/source/10146.jpg,/storage/users/multicog/mehul/RealismGuidance/data/target/24544.jpg,7,/storage/users/multicog/mehul/RealismGuidance/output/checkpoints/batch/2026-04-21-23-23-20/10146__24544/n08/img/10146__24544__final__s07__combined.png,/storage/users/multicog/mehul/RealismGuidance/output/checkpoints/batch/2026-04-21-23-23-20/10146__24544/n08/img/10146__24544__final__s07.png
/storage/users/multicog/mehul/RealismGuidance/data/source/17501.jpg,/storage/users/multicog/mehul/RealismGuidance/data/target/03158.jpg,0,/storage/users/multicog/mehul/RealismGuidance/output/checkpoints/batch/2026-04-21-23-23-20/17501__03158/n08/img/17501__03158__final__s00__combined.png,/storage/users/multicog/mehul/RealismGuidance/output/checkpoints/batch/2026-04-21-23-23-20/17501__03158/n08/img/17501__03158__final__s00.png
/storage/users/multicog/mehul/RealismGuidance/data/source/17501.jpg,/storage/users/multicog/mehul/RealismGuidance/data/target/03158.jpg,1,/storage/users/multicog/mehul/RealismGuidance/output/checkpoints/batch/2026-04-21-23-23-20/17501__03158/n08/img/17501__03158__final__s01__combined.png,/storage/users/multicog/mehul/RealismGuidance/output/checkpoints/batch/2026-04-21-23-23-20/17501__03158/n08/img/17501__03158__final__s01.png
/storage/users/multicog/mehul/RealismGuidance/data/source/17501.jpg,/storage/users/multicog/mehul/RealismGuidance/data/target/03158.jpg,2,/storage/users/multicog/mehul/RealismGuidance/output/checkpoints/batch/2026-04-21-23-23-20/17501__03158/n08/img/17501__03158__final__s02__combined.png,/storage/users/multicog/mehul/RealismGuidance/output/checkpoints/batch/2026-04-21-23-23-20/17501__03158/n08/img/17501__03158__final__s02.png
/storage/users/multicog/mehul/RealismGuidance/data/source/17501.jpg,/storage/users/multicog/mehul/RealismGuidance/data/target/03158.jpg,3,/storage/users/multicog/mehul/RealismGuidance/output/checkpoints/batch/2026-04-21-23-23-20/17501__03158/n08/img/17501__03158__final__s03__combined.png,/storage/users/multicog/mehul/RealismGuidance/output/checkpoints/batch/2026-04-21-23-23-20/17501__03158/n08/img/17501__03158__final__s03.png
/storage/users/multicog/mehul/RealismGuidance/data/source/17501.jpg,/storage/users/multicog/mehul/RealismGuidance/data/target/03158.jpg,4,/storage/users/multicog/mehul/RealismGuidance/output/checkpoints/batch/2026-04-21-23-23-20/17501__03158/n08/img/17501__03158__final__s04__combined.png,/storage/users/multicog/mehul/RealismGuidance/output/checkpoints/batch/2026-04-21-23-23-20/17501__03158/n08/img/17501__03158__final__s04.png
/storage/users/multicog/mehul/RealismGuidance/data/source/17501.jpg,/storage/users/multicog/mehul/RealismGuidance/data/target/03158.jpg,5,/storage/users/multicog/mehul/RealismGuidance/output/checkpoints/batch/2026-04-21-23-23-20/17501__03158/n08/img/17501__03158__final__s05__combined.png,/storage/users/multicog/mehul/RealismGuidance/output/checkpoints/batch/2026-04-21-23-23-20/17501__03158/n08/img/17501__03158__final__s05.png
/storage/users/multicog/mehul/RealismGuidance/data/source/17501.jpg,/storage/users/multicog/mehul/RealismGuidance/data/target/03158.jpg,6,/storage/users/multicog/mehul/RealismGuidance/output/checkpoints/batch/2026-04-21-23-23-20/17501__03158/n08/img/17501__03158__final__s06__combined.png,/storage/users/multicog/mehul/RealismGuidance/output/checkpoints/batch/2026-04-21-23-23-20/17501__03158/n08/img/17501__03158__final__s06.png
/storage/users/multicog/mehul/RealismGuidance/data/source/17501.jpg,/storage/users/multicog/mehul/RealismGuidance/data/target/03158.jpg,7,/storage/users/multicog/mehul/RealismGuidance/output/checkpoints/batch/2026-04-21-23-23-20/17501__03158/n08/img/17501__03158__final__s07__combined.png,/storage/users/multicog/mehul/RealismGuidance/output/checkpoints/batch/2026-04-21-23-23-20/17501__03158/n08/img/17501__03158__final__s07.png
/storage/users/multicog/mehul/RealismGuidance/data/source/15555.jpg,/storage/users/multicog/mehul/RealismGuidance/data/target/25606.jpg,0,/storage/users/multicog/mehul/RealismGuidance/output/checkpoints/batch/2026-04-21-23-23-20/15555__25606/n08/img/15555__25606__final__s00__combined.png,/storage/users/multicog/mehul/RealismGuidance/output/checkpoints/batch/2026-04-21-23-23-20/15555__25606/n08/img/15555__25606__final__s00.png
/storage/users/multicog/mehul/RealismGuidance/data/source/15555.jpg,/storage/users/multicog/mehul/RealismGuidance/data/target/25606.jpg,1,/storage/users/multicog/mehul/RealismGuidance/output/checkpoints/batch/2026-04-21-23-23-20/15555__25606/n08/img/15555__25606__final__s01__combined.png,/storage/users/multicog/mehul/RealismGuidance/output/checkpoints/batch/2026-04-21-23-23-20/15555__25606/n08/img/15555__25606__final__s01.png
/storage/users/multicog/mehul/RealismGuidance/data/source/15555.jpg,/storage/users/multicog/mehul/RealismGuidance/data/target/25606.jpg,2,/storage/users/multicog/mehul/RealismGuidance/output/checkpoints/batch/2026-04-21-23-23-20/15555__25606/n08/img/15555__25606__final__s02__combined.png,/storage/users/multicog/mehul/RealismGuidance/output/checkpoints/batch/2026-04-21-23-23-20/15555__25606/n08/img/15555__25606__final__s02.png
/storage/users/multicog/mehul/RealismGuidance/data/source/15555.jpg,/storage/users/multicog/mehul/RealismGuidance/data/target/25606.jpg,3,/storage/users/multicog/mehul/RealismGuidance/output/checkpoints/batch/2026-04-21-23-23-20/15555__25606/n08/img/15555__25606__final__s03__combined.png,/storage/users/multicog/mehul/RealismGuidance/output/checkpoints/batch/2026-04-21-23-23-20/15555__25606/n08/img/15555__25606__final__s03.png
/storage/users/multicog/mehul/RealismGuidance/data/source/15555.jpg,/storage/users/multicog/mehul/RealismGuidance/data/target/25606.jpg,4,/storage/users/multicog/mehul/RealismGuidance/output/checkpoints/batch/2026-04-21-23-23-20/15555__25606/n08/img/15555__25606__final__s04__combined.png,/storage/users/multicog/mehul/RealismGuidance/output/checkpoints/batch/2026-04-21-23-23-20/15555__25606/n08/img/15555__25606__final__s04.png
/storage/users/multicog/mehul/RealismGuidance/data/source/15555.jpg,/storage/users/multicog/mehul/RealismGuidance/data/target/25606.jpg,5,/storage/users/multicog/mehul/RealismGuidance/output/checkpoints/batch/2026-04-21-23-23-20/15555__25606/n08/img/15555__25606__final__s05__combined.png,/storage/users/multicog/mehul/RealismGuidance/output/checkpoints/batch/2026-04-21-23-23-20/15555__25606/n08/img/15555__25606__final__s05.png
/storage/users/multicog/mehul/RealismGuidance/data/source/15555.jpg,/storage/users/multicog/mehul/RealismGuidance/data/target/25606.jpg,6,/storage/users/multicog/mehul/RealismGuidance/output/checkpoints/batch/2026-04-21-23-23-20/15555__25606/n08/img/15555__25606__final__s06__combined.png,/storage/users/multicog/mehul/RealismGuidance/output/checkpoints/batch/2026-04-21-23-23-20/15555__25606/n08/img/15555__25606__final__s06.png
/storage/users/multicog/mehul/RealismGuidance/data/source/15555.jpg,/storage/users/multicog/mehul/RealismGuidance/data/target/25606.jpg,7,/storage/users/multicog/mehul/RealismGuidance/output/checkpoints/batch/2026-04-21-23-23-20/15555__25606/n08/img/15555__25606__final__s07__combined.png,/storage/users/multicog/mehul/RealismGuidance/output/checkpoints/batch/2026-04-21-23-23-20/15555__25606/n08/img/15555__25606__final__s07.png
/storage/users/multicog/mehul/RealismGuidance/data/source/21234.jpg,/storage/users/multicog/mehul/RealismGuidance/data/target/12203.jpg,0,/storage/users/multicog/mehul/RealismGuidance/output/checkpoints/batch/2026-04-21-23-23-20/21234__12203/n08/img/21234__12203__final__s00__combined.png,/storage/users/multicog/mehul/RealismGuidance/output/checkpoints/batch/2026-04-21-23-23-20/21234__12203/n08/img/21234__12203__final__s00.png
/storage/users/multicog/mehul/RealismGuidance/data/source/21234.jpg,/storage/users/multicog/mehul/RealismGuidance/data/target/12203.jpg,1,/storage/users/multicog/mehul/RealismGuidance/output/checkpoints/batch/2026-04-21-23-23-20/21234__12203/n08/img/21234__12203__final__s01__combined.png,/storage/users/multicog/mehul/RealismGuidance/output/checkpoints/batch/2026-04-21-23-23-20/21234__12203/n08/img/21234__12203__final__s01.png
/storage/users/multicog/mehul/RealismGuidance/data/source/21234.jpg,/storage/users/multicog/mehul/RealismGuidance/data/target/12203.jpg,2,/storage/users/multicog/mehul/RealismGuidance/output/checkpoints/batch/2026-04-21-23-23-20/21234__12203/n08/img/21234__12203__final__s02__combined.png,/storage/users/multicog/mehul/RealismGuidance/output/checkpoints/batch/2026-04-21-23-23-20/21234__12203/n08/img/21234__12203__final__s02.png
/storage/users/multicog/mehul/RealismGuidance/data/source/21234.jpg,/storage/users/multicog/mehul/RealismGuidance/data/target/12203.jpg,3,/storage/users/multicog/mehul/RealismGuidance/output/checkpoints/batch/2026-04-21-23-23-20/21234__12203/n08/img/21234__12203__final__s03__combined.png,/storage/users/multicog/mehul/RealismGuidance/output/checkpoints/batch/2026-04-21-23-23-20/21234__12203/n08/img/21234__12203__final__s03.png
/storage/users/multicog/mehul/RealismGuidance/data/source/21234.jpg,/storage/users/multicog/mehul/RealismGuidance/data/target/12203.jpg,4,/storage/users/multicog/mehul/RealismGuidance/output/checkpoints/batch/2026-04-21-23-23-20/21234__12203/n08/img/21234__12203__final__s04__combined.png,/storage/users/multicog/mehul/RealismGuidance/output/checkpoints/batch/2026-04-21-23-23-20/21234__12203/n08/img/21234__12203__final__s04.png
/storage/users/multicog/mehul/RealismGuidance/data/source/21234.jpg,/storage/users/multicog/mehul/RealismGuidance/data/target/12203.jpg,5,/storage/users/multicog/mehul/RealismGuidance/output/checkpoints/batch/2026-04-21-23-23-20/21234__12203/n08/img/21234__12203__final__s05__combined.png,/storage/users/multicog/mehul/RealismGuidance/output/checkpoints/batch/2026-04-21-23-23-20/21234__12203/n08/img/21234__12203__final__s05.png
/storage/users/multicog/mehul/RealismGuidance/data/source/21234.jpg,/storage/users/multicog/mehul/RealismGuidance/data/target/12203.jpg,6,/storage/users/multicog/mehul/RealismGuidance/output/checkpoints/batch/2026-04-21-23-23-20/21234__12203/n08/img/21234__12203__final__s06__combined.png,/storage/users/multicog/mehul/RealismGuidance/output/checkpoints/batch/2026-04-21-23-23-20/21234__12203/n08/img/21234__12203__final__s06.png
/storage/users/multicog/mehul/RealismGuidance/data/source/21234.jpg,/storage/users/multicog/mehul/RealismGuidance/data/target/12203.jpg,7,/storage/users/multicog/mehul/RealismGuidance/output/checkpoints/batch/2026-04-21-23-23-20/21234__12203/n08/img/21234__12203__final__s07__combined.png,/storage/users/multicog/mehul/RealismGuidance/output/checkpoints/batch/2026-04-21-23-23-20/21234__12203/n08/img/21234__12203__final__s07.png
/storage/users/multicog/mehul/RealismGuidance/data/source/02567.jpg,/storage/users/multicog/mehul/RealismGuidance/data/target/17865.jpg,0,/storage/users/multicog/mehul/RealismGuidance/output/checkpoints/batch/2026-04-21-23-23-20/02567__17865/n08/img/02567__17865__final__s00__combined.png,/storage/users/multicog/mehul/RealismGuidance/output/checkpoints/batch/2026-04-21-23-23-20/02567__17865/n08/img/02567__17865__final__s00.png
/storage/users/multicog/mehul/RealismGuidance/data/source/02567.jpg,/storage/users/multicog/mehul/RealismGuidance/data/target/17865.jpg,1,/storage/users/multicog/mehul/RealismGuidance/output/checkpoints/batch/2026-04-21-23-23-20/02567__17865/n08/img/02567__17865__final__s01__combined.png,/storage/users/multicog/mehul/RealismGuidance/output/checkpoints/batch/2026-04-21-23-23-20/02567__17865/n08/img/02567__17865__final__s01.png
/storage/users/multicog/mehul/RealismGuidance/data/source/02567.jpg,/storage/users/multicog/mehul/RealismGuidance/data/target/17865.jpg,2,/storage/users/multicog/mehul/RealismGuidance/output/checkpoints/batch/2026-04-21-23-23-20/02567__17865/n08/img/02567__17865__final__s02__combined.png,/storage/users/multicog/mehul/RealismGuidance/output/checkpoints/batch/2026-04-21-23-23-20/02567__17865/n08/img/02567__17865__final__s02.png
/storage/users/multicog/mehul/RealismGuidance/data/source/02567.jpg,/storage/users/multicog/mehul/RealismGuidance/data/target/17865.jpg,3,/storage/users/multicog/mehul/RealismGuidance/output/checkpoints/batch/2026-04-21-23-23-20/02567__17865/n08/img/02567__17865__final__s03__combined.png,/storage/users/multicog/mehul/RealismGuidance/output/checkpoints/batch/2026-04-21-23-23-20/02567__17865/n08/img/02567__17865__final__s03.png
/storage/users/multicog/mehul/RealismGuidance/data/source/02567.jpg,/storage/users/multicog/mehul/RealismGuidance/data/target/17865.jpg,4,/storage/users/multicog/mehul/RealismGuidance/output/checkpoints/batch/2026-04-21-23-23-20/02567__17865/n08/img/02567__17865__final__s04__combined.png,/storage/users/multicog/mehul/RealismGuidance/output/checkpoints/batch/2026-04-21-23-23-20/02567__17865/n08/img/02567__17865__final__s04.png
/storage/users/multicog/mehul/RealismGuidance/data/source/02567.jpg,/storage/users/multicog/mehul/RealismGuidance/data/target/17865.jpg,5,/storage/users/multicog/mehul/RealismGuidance/output/checkpoints/batch/2026-04-21-23-23-20/02567__17865/n08/img/02567__17865__final__s05__combined.png,/storage/users/multicog/mehul/RealismGuidance/output/checkpoints/batch/2026-04-21-23-23-20/02567__17865/n08/img/02567__17865__final__s05.png
/storage/users/multicog/mehul/RealismGuidance/data/source/02567.jpg,/storage/users/multicog/mehul/RealismGuidance/data/target/17865.jpg,6,/storage/users/multicog/mehul/RealismGuidance/output/checkpoints/batch/2026-04-21-23-23-20/02567__17865/n08/img/02567__17865__final__s06__combined.png,/storage/users/multicog/mehul/RealismGuidance/output/checkpoints/batch/2026-04-21-23-23-20/02567__17865/n08/img/02567__17865__final__s06.png
/storage/users/multicog/mehul/RealismGuidance/data/source/02567.jpg,/storage/users/multicog/mehul/RealismGuidance/data/target/17865.jpg,7,/storage/users/multicog/mehul/RealismGuidance/output/checkpoints/batch/2026-04-21-23-23-20/02567__17865/n08/img/02567__17865__final__s07__combined.png,/storage/users/multicog/mehul/RealismGuidance/output/checkpoints/batch/2026-04-21-23-23-20/02567__17865/n08/img/02567__17865__final__s07.png
/storage/users/multicog/mehul/RealismGuidance/data/source/01930.jpg,/storage/users/multicog/mehul/RealismGuidance/data/target/21513.jpg,0,/storage/users/multicog/mehul/RealismGuidance/output/checkpoints/batch/2026-04-21-23-23-20/01930__21513/n08/img/01930__21513__final__s00__combined.png,/storage/users/multicog/mehul/RealismGuidance/output/checkpoints/batch/2026-04-21-23-23-20/01930__21513/n08/img/01930__21513__final__s00.png
/storage/users/multicog/mehul/RealismGuidance/data/source/01930.jpg,/storage/users/multicog/mehul/RealismGuidance/data/target/21513.jpg,1,/storage/users/multicog/mehul/RealismGuidance/output/checkpoints/batch/2026-04-21-23-23-20/01930__21513/n08/img/01930__21513__final__s01__combined.png,/storage/users/multicog/mehul/RealismGuidance/output/checkpoints/batch/2026-04-21-23-23-20/01930__21513/n08/img/01930__21513__final__s01.png
/storage/users/multicog/mehul/RealismGuidance/data/source/01930.jpg,/storage/users/multicog/mehul/RealismGuidance/data/target/21513.jpg,2,/storage/users/multicog/mehul/RealismGuidance/output/checkpoints/batch/2026-04-21-23-23-20/01930__21513/n08/img/01930__21513__final__s02__combined.png,/storage/users/multicog/mehul/RealismGuidance/output/checkpoints/batch/2026-04-21-23-23-20/01930__21513/n08/img/01930__21513__final__s02.png
/storage/users/multicog/mehul/RealismGuidance/data/source/01930.jpg,/storage/users/multicog/mehul/RealismGuidance/data/target/21513.jpg,3,/storage/users/multicog/mehul/RealismGuidance/output/checkpoints/batch/2026-04-21-23-23-20/01930__21513/n08/img/01930__21513__final__s03__combined.png,/storage/users/multicog/mehul/RealismGuidance/output/checkpoints/batch/2026-04-21-23-23-20/01930__21513/n08/img/01930__21513__final__s03.png
/storage/users/multicog/mehul/RealismGuidance/data/source/01930.jpg,/storage/users/multicog/mehul/RealismGuidance/data/target/21513.jpg,4,/storage/users/multicog/mehul/RealismGuidance/output/checkpoints/batch/2026-04-21-23-23-20/01930__21513/n08/img/01930__21513__final__s04__combined.png,/storage/users/multicog/mehul/RealismGuidance/output/checkpoints/batch/2026-04-21-23-23-20/01930__21513/n08/img/01930__21513__final__s04.png
/storage/users/multicog/mehul/RealismGuidance/data/source/01930.jpg,/storage/users/multicog/mehul/RealismGuidance/data/target/21513.jpg,5,/storage/users/multicog/mehul/RealismGuidance/output/checkpoints/batch/2026-04-21-23-23-20/01930__21513/n08/img/01930__21513__final__s05__combined.png,/storage/users/multicog/mehul/RealismGuidance/output/checkpoints/batch/2026-04-21-23-23-20/01930__21513/n08/img/01930__21513__final__s05.png
/storage/users/multicog/mehul/RealismGuidance/data/source/01930.jpg,/storage/users/multicog/mehul/RealismGuidance/data/target/21513.jpg,6,/storage/users/multicog/mehul/RealismGuidance/output/checkpoints/batch/2026-04-21-23-23-20/01930__21513/n08/img/01930__21513__final__s06__combined.png,/storage/users/multicog/mehul/RealismGuidance/output/checkpoints/batch/2026-04-21-23-23-20/01930__21513/n08/img/01930__21513__final__s06.png
/storage/users/multicog/mehul/RealismGuidance/data/source/01930.jpg,/storage/users/multicog/mehul/RealismGuidance/data/target/21513.jpg,7,/storage/users/multicog/mehul/RealismGuidance/output/checkpoints/batch/2026-04-21-23-23-20/01930__21513/n08/img/01930__21513__final__s07__combined.png,/storage/users/multicog/mehul/RealismGuidance/output/checkpoints/batch/2026-04-21-23-23-20/01930__21513/n08/img/01930__21513__final__s07.png
/storage/users/multicog/mehul/RealismGuidance/data/source/24376.jpg,/storage/users/multicog/mehul/RealismGuidance/data/target/17568.jpg,0,/storage/users/multicog/mehul/RealismGuidance/output/checkpoints/batch/2026-04-21-23-23-20/24376__17568/n08/img/24376__17568__final__s00__combined.png,/storage/users/multicog/mehul/RealismGuidance/output/checkpoints/batch/2026-04-21-23-23-20/24376__17568/n08/img/24376__17568__final__s00.png
/storage/users/multicog/mehul/RealismGuidance/data/source/24376.jpg,/storage/users/multicog/mehul/RealismGuidance/data/target/17568.jpg,1,/storage/users/multicog/mehul/RealismGuidance/output/checkpoints/batch/2026-04-21-23-23-20/24376__17568/n08/img/24376__17568__final__s01__combined.png,/storage/users/multicog/mehul/RealismGuidance/output/checkpoints/batch/2026-04-21-23-23-20/24376__17568/n08/img/24376__17568__final__s01.png
/storage/users/multicog/mehul/RealismGuidance/data/source/24376.jpg,/storage/users/multicog/mehul/RealismGuidance/data/target/17568.jpg,2,/storage/users/multicog/mehul/RealismGuidance/output/checkpoints/batch/2026-04-21-23-23-20/24376__17568/n08/img/24376__17568__final__s02__combined.png,/storage/users/multicog/mehul/RealismGuidance/output/checkpoints/batch/2026-04-21-23-23-20/24376__17568/n08/img/24376__17568__final__s02.png
/storage/users/multicog/mehul/RealismGuidance/data/source/24376.jpg,/storage/users/multicog/mehul/RealismGuidance/data/target/17568.jpg,3,/storage/users/multicog/mehul/RealismGuidance/output/checkpoints/batch/2026-04-21-23-23-20/24376__17568/n08/img/24376__17568__final__s03__combined.png,/storage/users/multicog/mehul/RealismGuidance/output/checkpoints/batch/2026-04-21-23-23-20/24376__17568/n08/img/24376__17568__final__s03.png
/storage/users/multicog/mehul/RealismGuidance/data/source/24376.jpg,/storage/users/multicog/mehul/RealismGuidance/data/target/17568.jpg,4,/storage/users/multicog/mehul/RealismGuidance/output/checkpoints/batch/2026-04-21-23-23-20/24376__17568/n08/img/24376__17568__final__s04__combined.png,/storage/users/multicog/mehul/RealismGuidance/output/checkpoints/batch/2026-04-21-23-23-20/24376__17568/n08/img/24376__17568__final__s04.png
/storage/users/multicog/mehul/RealismGuidance/data/source/24376.jpg,/storage/users/multicog/mehul/RealismGuidance/data/target/17568.jpg,5,/storage/users/multicog/mehul/RealismGuidance/output/checkpoints/batch/2026-04-21-23-23-20/24376__17568/n08/img/24376__17568__final__s05__combined.png,/storage/users/multicog/mehul/RealismGuidance/output/checkpoints/batch/2026-04-21-23-23-20/24376__17568/n08/img/24376__17568__final__s05.png
/storage/users/multicog/mehul/RealismGuidance/data/source/24376.jpg,/storage/users/multicog/mehul/RealismGuidance/data/target/17568.jpg,6,/storage/users/multicog/mehul/RealismGuidance/output/checkpoints/batch/2026-04-21-23-23-20/24376__17568/n08/img/24376__17568__final__s06__combined.png,/storage/users/multicog/mehul/RealismGuidance/output/checkpoints/batch/2026-04-21-23-23-20/24376__17568/n08/img/24376__17568__final__s06.png
/storage/users/multicog/mehul/RealismGuidance/data/source/24376.jpg,/storage/users/multicog/mehul/RealismGuidance/data/target/17568.jpg,7,/storage/users/multicog/mehul/RealismGuidance/output/checkpoints/batch/2026-04-21-23-23-20/24376__17568/n08/img/24376__17568__final__s07__combined.png,/storage/users/multicog/mehul/RealismGuidance/output/checkpoints/batch/2026-04-21-23-23-20/24376__17568/n08/img/24376__17568__final__s07.png
/storage/users/multicog/mehul/RealismGuidance/data/source/11437.jpg,/storage/users/multicog/mehul/RealismGuidance/data/target/10208.jpg,0,/storage/users/multicog/mehul/RealismGuidance/output/checkpoints/batch/2026-04-21-23-23-20/11437__10208/n08/img/11437__10208__final__s00__combined.png,/storage/users/multicog/mehul/RealismGuidance/output/checkpoints/batch/2026-04-21-23-23-20/11437__10208/n08/img/11437__10208__final__s00.png
/storage/users/multicog/mehul/RealismGuidance/data/source/11437.jpg,/storage/users/multicog/mehul/RealismGuidance/data/target/10208.jpg,1,/storage/users/multicog/mehul/RealismGuidance/output/checkpoints/batch/2026-04-21-23-23-20/11437__10208/n08/img/11437__10208__final__s01__combined.png,/storage/users/multicog/mehul/RealismGuidance/output/checkpoints/batch/2026-04-21-23-23-20/11437__10208/n08/img/11437__10208__final__s01.png
/storage/users/multicog/mehul/RealismGuidance/data/source/11437.jpg,/storage/users/multicog/mehul/RealismGuidance/data/target/10208.jpg,2,/storage/users/multicog/mehul/RealismGuidance/output/checkpoints/batch/2026-04-21-23-23-20/11437__10208/n08/img/11437__10208__final__s02__combined.png,/storage/users/multicog/mehul/RealismGuidance/output/checkpoints/batch/2026-04-21-23-23-20/11437__10208/n08/img/11437__10208__final__s02.png
/storage/users/multicog/mehul/RealismGuidance/data/source/11437.jpg,/storage/users/multicog/mehul/RealismGuidance/data/target/10208.jpg,3,/storage/users/multicog/mehul/RealismGuidance/output/checkpoints/batch/2026-04-21-23-23-20/11437__10208/n08/img/11437__10208__final__s03__combined.png,/storage/users/multicog/mehul/RealismGuidance/output/checkpoints/batch/2026-04-21-23-23-20/11437__10208/n08/img/11437__10208__final__s03.png
/storage/users/multicog/mehul/RealismGuidance/data/source/11437.jpg,/storage/users/multicog/mehul/RealismGuidance/data/target/10208.jpg,4,/storage/users/multicog/mehul/RealismGuidance/output/checkpoints/batch/2026-04-21-23-23-20/11437__10208/n08/img/11437__10208__final__s04__combined.png,/storage/users/multicog/mehul/RealismGuidance/output/checkpoints/batch/2026-04-21-23-23-20/11437__10208/n08/img/11437__10208__final__s04.png
/storage/users/multicog/mehul/RealismGuidance/data/source/11437.jpg,/storage/users/multicog/mehul/RealismGuidance/data/target/10208.jpg,5,/storage/users/multicog/mehul/RealismGuidance/output/checkpoints/batch/2026-04-21-23-23-20/11437__10208/n08/img/11437__10208__final__s05__combined.png,/storage/users/multicog/mehul/RealismGuidance/output/checkpoints/batch/2026-04-21-23-23-20/11437__10208/n08/img/11437__10208__final__s05.png
/storage/users/multicog/mehul/RealismGuidance/data/source/11437.jpg,/storage/users/multicog/mehul/RealismGuidance/data/target/10208.jpg,6,/storage/users/multicog/mehul/RealismGuidance/output/checkpoints/batch/2026-04-21-23-23-20/11437__10208/n08/img/11437__10208__final__s06__combined.png,/storage/users/multicog/mehul/RealismGuidance/output/checkpoints/batch/2026-04-21-23-23-20/11437__10208/n08/img/11437__10208__final__s06.png
/storage/users/multicog/mehul/RealismGuidance/data/source/11437.jpg,/storage/users/multicog/mehul/RealismGuidance/data/target/10208.jpg,7,/storage/users/multicog/mehul/RealismGuidance/output/checkpoints/batch/2026-04-21-23-23-20/11437__10208/n08/img/11437__10208__final__s07__combined.png,/storage/users/multicog/mehul/RealismGuidance/output/checkpoints/batch/2026-04-21-23-23-20/11437__10208/n08/img/11437__10208__final__s07.png
/storage/users/multicog/mehul/RealismGuidance/data/source/29866.jpg,/storage/users/multicog/mehul/RealismGuidance/data/target/05681.jpg,0,/storage/users/multicog/mehul/RealismGuidance/output/checkpoints/batch/2026-04-21-23-23-20/29866__05681/n08/img/29866__05681__final__s00__combined.png,/storage/users/multicog/mehul/RealismGuidance/output/checkpoints/batch/2026-04-21-23-23-20/29866__05681/n08/img/29866__05681__final__s00.png
/storage/users/multicog/mehul/RealismGuidance/data/source/29866.jpg,/storage/users/multicog/mehul/RealismGuidance/data/target/05681.jpg,1,/storage/users/multicog/mehul/RealismGuidance/output/checkpoints/batch/2026-04-21-23-23-20/29866__05681/n08/img/29866__05681__final__s01__combined.png,/storage/users/multicog/mehul/RealismGuidance/output/checkpoints/batch/2026-04-21-23-23-20/29866__05681/n08/img/29866__05681__final__s01.png
/storage/users/multicog/mehul/RealismGuidance/data/source/29866.jpg,/storage/users/multicog/mehul/RealismGuidance/data/target/05681.jpg,2,/storage/users/multicog/mehul/RealismGuidance/output/checkpoints/batch/2026-04-21-23-23-20/29866__05681/n08/img/29866__05681__final__s02__combined.png,/storage/users/multicog/mehul/RealismGuidance/output/checkpoints/batch/2026-04-21-23-23-20/29866__05681/n08/img/29866__05681__final__s02.png
/storage/users/multicog/mehul/RealismGuidance/data/source/29866.jpg,/storage/users/multicog/mehul/RealismGuidance/data/target/05681.jpg,3,/storage/users/multicog/mehul/RealismGuidance/output/checkpoints/batch/2026-04-21-23-23-20/29866__05681/n08/img/29866__05681__final__s03__combined.png,/storage/users/multicog/mehul/RealismGuidance/output/checkpoints/batch/2026-04-21-23-23-20/29866__05681/n08/img/29866__05681__final__s03.png
/storage/users/multicog/mehul/RealismGuidance/data/source/29866.jpg,/storage/users/multicog/mehul/RealismGuidance/data/target/05681.jpg,4,/storage/users/multicog/mehul/RealismGuidance/output/checkpoints/batch/2026-04-21-23-23-20/29866__05681/n08/img/29866__05681__final__s04__combined.png,/storage/users/multicog/mehul/RealismGuidance/output/checkpoints/batch/2026-04-21-23-23-20/29866__05681/n08/img/29866__05681__final__s04.png
/storage/users/multicog/mehul/RealismGuidance/data/source/29866.jpg,/storage/users/multicog/mehul/RealismGuidance/data/target/05681.jpg,5,/storage/users/multicog/mehul/RealismGuidance/output/checkpoints/batch/2026-04-21-23-23-20/29866__05681/n08/img/29866__05681__final__s05__combined.png,/storage/users/multicog/mehul/RealismGuidance/output/checkpoints/batch/2026-04-21-23-23-20/29866__05681/n08/img/29866__05681__final__s05.png
/storage/users/multicog/mehul/RealismGuidance/data/source/29866.jpg,/storage/users/multicog/mehul/RealismGuidance/data/target/05681.jpg,6,/storage/users/multicog/mehul/RealismGuidance/output/checkpoints/batch/2026-04-21-23-23-20/29866__05681/n08/img/29866__05681__final__s06__combined.png,/storage/users/multicog/mehul/RealismGuidance/output/checkpoints/batch/2026-04-21-23-23-20/29866__05681/n08/img/29866__05681__final__s06.png
/storage/users/multicog/mehul/RealismGuidance/data/source/29866.jpg,/storage/users/multicog/mehul/RealismGuidance/data/target/05681.jpg,7,/storage/users/multicog/mehul/RealismGuidance/output/checkpoints/batch/2026-04-21-23-23-20/29866__05681/n08/img/29866__05681__final__s07__combined.png,/storage/users/multicog/mehul/RealismGuidance/output/checkpoints/batch/2026-04-21-23-23-20/29866__05681/n08/img/29866__05681__final__s07.png
/storage/users/multicog/mehul/RealismGuidance/data/source/10505.jpg,/storage/users/multicog/mehul/RealismGuidance/data/target/24336.jpg,0,/storage/users/multicog/mehul/RealismGuidance/output/checkpoints/batch/2026-04-21-23-23-20/10505__24336/n08/img/10505__24336__final__s00__combined.png,/storage/users/multicog/mehul/RealismGuidance/output/checkpoints/batch/2026-04-21-23-23-20/10505__24336/n08/img/10505__24336__final__s00.png
/storage/users/multicog/mehul/RealismGuidance/data/source/10505.jpg,/storage/users/multicog/mehul/RealismGuidance/data/target/24336.jpg,1,/storage/users/multicog/mehul/RealismGuidance/output/checkpoints/batch/2026-04-21-23-23-20/10505__24336/n08/img/10505__24336__final__s01__combined.png,/storage/users/multicog/mehul/RealismGuidance/output/checkpoints/batch/2026-04-21-23-23-20/10505__24336/n08/img/10505__24336__final__s01.png
/storage/users/multicog/mehul/RealismGuidance/data/source/10505.jpg,/storage/users/multicog/mehul/RealismGuidance/data/target/24336.jpg,2,/storage/users/multicog/mehul/RealismGuidance/output/checkpoints/batch/2026-04-21-23-23-20/10505__24336/n08/img/10505__24336__final__s02__combined.png,/storage/users/multicog/mehul/RealismGuidance/output/checkpoints/batch/2026-04-21-23-23-20/10505__24336/n08/img/10505__24336__final__s02.png
/storage/users/multicog/mehul/RealismGuidance/data/source/10505.jpg,/storage/users/multicog/mehul/RealismGuidance/data/target/24336.jpg,3,/storage/users/multicog/mehul/RealismGuidance/output/checkpoints/batch/2026-04-21-23-23-20/10505__24336/n08/img/10505__24336__final__s03__combined.png,/storage/users/multicog/mehul/RealismGuidance/output/checkpoints/batch/2026-04-21-23-23-20/10505__24336/n08/img/10505__24336__final__s03.png
/storage/users/multicog/mehul/RealismGuidance/data/source/10505.jpg,/storage/users/multicog/mehul/RealismGuidance/data/target/24336.jpg,4,/storage/users/multicog/mehul/RealismGuidance/output/checkpoints/batch/2026-04-21-23-23-20/10505__24336/n08/img/10505__24336__final__s04__combined.png,/storage/users/multicog/mehul/RealismGuidance/output/checkpoints/batch/2026-04-21-23-23-20/10505__24336/n08/img/10505__24336__final__s04.png
/storage/users/multicog/mehul/RealismGuidance/data/source/10505.jpg,/storage/users/multicog/mehul/RealismGuidance/data/target/24336.jpg,5,/storage/users/multicog/mehul/RealismGuidance/output/checkpoints/batch/2026-04-21-23-23-20/10505__24336/n08/img/10505__24336__final__s05__combined.png,/storage/users/multicog/mehul/RealismGuidance/output/checkpoints/batch/2026-04-21-23-23-20/10505__24336/n08/img/10505__24336__final__s05.png
/storage/users/multicog/mehul/RealismGuidance/data/source/10505.jpg,/storage/users/multicog/mehul/RealismGuidance/data/target/24336.jpg,6,/storage/users/multicog/mehul/RealismGuidance/output/checkpoints/batch/2026-04-21-23-23-20/10505__24336/n08/img/10505__24336__final__s06__combined.png,/storage/users/multicog/mehul/RealismGuidance/output/checkpoints/batch/2026-04-21-23-23-20/10505__24336/n08/img/10505__24336__final__s06.png
/storage/users/multicog/mehul/RealismGuidance/data/source/10505.jpg,/storage/users/multicog/mehul/RealismGuidance/data/target/24336.jpg,7,/storage/users/multicog/mehul/RealismGuidance/output/checkpoints/batch/2026-04-21-23-23-20/10505__24336/n08/img/10505__24336__final__s07__combined.png,/storage/users/multicog/mehul/RealismGuidance/output/checkpoints/batch/2026-04-21-23-23-20/10505__24336/n08/img/10505__24336__final__s07.png
/storage/users/multicog/mehul/RealismGuidance/data/source/19640.jpg,/storage/users/multicog/mehul/RealismGuidance/data/target/25536.jpg,0,/storage/users/multicog/mehul/RealismGuidance/output/checkpoints/batch/2026-04-21-23-23-20/19640__25536/n08/img/19640__25536__final__s00__combined.png,/storage/users/multicog/mehul/RealismGuidance/output/checkpoints/batch/2026-04-21-23-23-20/19640__25536/n08/img/19640__25536__final__s00.png
/storage/users/multicog/mehul/RealismGuidance/data/source/19640.jpg,/storage/users/multicog/mehul/RealismGuidance/data/target/25536.jpg,1,/storage/users/multicog/mehul/RealismGuidance/output/checkpoints/batch/2026-04-21-23-23-20/19640__25536/n08/img/19640__25536__final__s01__combined.png,/storage/users/multicog/mehul/RealismGuidance/output/checkpoints/batch/2026-04-21-23-23-20/19640__25536/n08/img/19640__25536__final__s01.png
/storage/users/multicog/mehul/RealismGuidance/data/source/19640.jpg,/storage/users/multicog/mehul/RealismGuidance/data/target/25536.jpg,2,/storage/users/multicog/mehul/RealismGuidance/output/checkpoints/batch/2026-04-21-23-23-20/19640__25536/n08/img/19640__25536__final__s02__combined.png,/storage/users/multicog/mehul/RealismGuidance/output/checkpoints/batch/2026-04-21-23-23-20/19640__25536/n08/img/19640__25536__final__s02.png
/storage/users/multicog/mehul/RealismGuidance/data/source/19640.jpg,/storage/users/multicog/mehul/RealismGuidance/data/target/25536.jpg,3,/storage/users/multicog/mehul/RealismGuidance/output/checkpoints/batch/2026-04-21-23-23-20/19640__25536/n08/img/19640__25536__final__s03__combined.png,/storage/users/multicog/mehul/RealismGuidance/output/checkpoints/batch/2026-04-21-23-23-20/19640__25536/n08/img/19640__25536__final__s03.png
/storage/users/multicog/mehul/RealismGuidance/data/source/19640.jpg,/storage/users/multicog/mehul/RealismGuidance/data/target/25536.jpg,4,/storage/users/multicog/mehul/RealismGuidance/output/checkpoints/batch/2026-04-21-23-23-20/19640__25536/n08/img/19640__25536__final__s04__combined.png,/storage/users/multicog/mehul/RealismGuidance/output/checkpoints/batch/2026-04-21-23-23-20/19640__25536/n08/img/19640__25536__final__s04.png
/storage/users/multicog/mehul/RealismGuidance/data/source/19640.jpg,/storage/users/multicog/mehul/RealismGuidance/data/target/25536.jpg,5,/storage/users/multicog/mehul/RealismGuidance/output/checkpoints/batch/2026-04-21-23-23-20/19640__25536/n08/img/19640__25536__final__s05__combined.png,/storage/users/multicog/mehul/RealismGuidance/output/checkpoints/batch/2026-04-21-23-23-20/19640__25536/n08/img/19640__25536__final__s05.png
/storage/users/multicog/mehul/RealismGuidance/data/source/19640.jpg,/storage/users/multicog/mehul/RealismGuidance/data/target/25536.jpg,6,/storage/users/multicog/mehul/RealismGuidance/output/checkpoints/batch/2026-04-21-23-23-20/19640__25536/n08/img/19640__25536__final__s06__combined.png,/storage/users/multicog/mehul/RealismGuidance/output/checkpoints/batch/2026-04-21-23-23-20/19640__25536/n08/img/19640__25536__final__s06.png
/storage/users/multicog/mehul/RealismGuidance/data/source/19640.jpg,/storage/users/multicog/mehul/RealismGuidance/data/target/25536.jpg,7,/storage/users/multicog/mehul/RealismGuidance/output/checkpoints/batch/2026-04-21-23-23-20/19640__25536/n08/img/19640__25536__final__s07__combined.png,/storage/users/multicog/mehul/RealismGuidance/output/checkpoints/batch/2026-04-21-23-23-20/19640__25536/n08/img/19640__25536__final__s07.png
/storage/users/multicog/mehul/RealismGuidance/data/source/03211.jpg,/storage/users/multicog/mehul/RealismGuidance/data/target/09989.jpg,0,/storage/users/multicog/mehul/RealismGuidance/output/checkpoints/batch/2026-04-21-23-23-20/03211__09989/n08/img/03211__09989__final__s00__combined.png,/storage/users/multicog/mehul/RealismGuidance/output/checkpoints/batch/2026-04-21-23-23-20/03211__09989/n08/img/03211__09989__final__s00.png
/storage/users/multicog/mehul/RealismGuidance/data/source/03211.jpg,/storage/users/multicog/mehul/RealismGuidance/data/target/09989.jpg,1,/storage/users/multicog/mehul/RealismGuidance/output/checkpoints/batch/2026-04-21-23-23-20/03211__09989/n08/img/03211__09989__final__s01__combined.png,/storage/users/multicog/mehul/RealismGuidance/output/checkpoints/batch/2026-04-21-23-23-20/03211__09989/n08/img/03211__09989__final__s01.png
/storage/users/multicog/mehul/RealismGuidance/data/source/03211.jpg,/storage/users/multicog/mehul/RealismGuidance/data/target/09989.jpg,2,/storage/users/multicog/mehul/RealismGuidance/output/checkpoints/batch/2026-04-21-23-23-20/03211__09989/n08/img/03211__09989__final__s02__combined.png,/storage/users/multicog/mehul/RealismGuidance/output/checkpoints/batch/2026-04-21-23-23-20/03211__09989/n08/img/03211__09989__final__s02.png
/storage/users/multicog/mehul/RealismGuidance/data/source/03211.jpg,/storage/users/multicog/mehul/RealismGuidance/data/target/09989.jpg,3,/storage/users/multicog/mehul/RealismGuidance/output/checkpoints/batch/2026-04-21-23-23-20/03211__09989/n08/img/03211__09989__final__s03__combined.png,/storage/users/multicog/mehul/RealismGuidance/output/checkpoints/batch/2026-04-21-23-23-20/03211__09989/n08/img/03211__09989__final__s03.png
/storage/users/multicog/mehul/RealismGuidance/data/source/03211.jpg,/storage/users/multicog/mehul/RealismGuidance/data/target/09989.jpg,4,/storage/users/multicog/mehul/RealismGuidance/output/checkpoints/batch/2026-04-21-23-23-20/03211__09989/n08/img/03211__09989__final__s04__combined.png,/storage/users/multicog/mehul/RealismGuidance/output/checkpoints/batch/2026-04-21-23-23-20/03211__09989/n08/img/03211__09989__final__s04.png
/storage/users/multicog/mehul/RealismGuidance/data/source/03211.jpg,/storage/users/multicog/mehul/RealismGuidance/data/target/09989.jpg,5,/storage/users/multicog/mehul/RealismGuidance/output/checkpoints/batch/2026-04-21-23-23-20/03211__09989/n08/img/03211__09989__final__s05__combined.png,/storage/users/multicog/mehul/RealismGuidance/output/checkpoints/batch/2026-04-21-23-23-20/03211__09989/n08/img/03211__09989__final__s05.png
/storage/users/multicog/mehul/RealismGuidance/data/source/03211.jpg,/storage/users/multicog/mehul/RealismGuidance/data/target/09989.jpg,6,/storage/users/multicog/mehul/RealismGuidance/output/checkpoints/batch/2026-04-21-23-23-20/03211__09989/n08/img/03211__09989__final__s06__combined.png,/storage/users/multicog/mehul/RealismGuidance/output/checkpoints/batch/2026-04-21-23-23-20/03211__09989/n08/img/03211__09989__final__s06.png
/storage/users/multicog/mehul/RealismGuidance/data/source/03211.jpg,/storage/users/multicog/mehul/RealismGuidance/data/target/09989.jpg,7,/storage/users/multicog/mehul/RealismGuidance/output/checkpoints/batch/2026-04-21-23-23-20/03211__09989/n08/img/03211__09989__final__s07__combined.png,/storage/users/multicog/mehul/RealismGuidance/output/checkpoints/batch/2026-04-21-23-23-20/03211__09989/n08/img/03211__09989__final__s07.png
/storage/users/multicog/mehul/RealismGuidance/data/source/15392.jpg,/storage/users/multicog/mehul/RealismGuidance/data/target/28995.jpg,0,/storage/users/multicog/mehul/RealismGuidance/output/checkpoints/batch/2026-04-21-23-23-20/15392__28995/n08/img/15392__28995__final__s00__combined.png,/storage/users/multicog/mehul/RealismGuidance/output/checkpoints/batch/2026-04-21-23-23-20/15392__28995/n08/img/15392__28995__final__s00.png
/storage/users/multicog/mehul/RealismGuidance/data/source/15392.jpg,/storage/users/multicog/mehul/RealismGuidance/data/target/28995.jpg,1,/storage/users/multicog/mehul/RealismGuidance/output/checkpoints/batch/2026-04-21-23-23-20/15392__28995/n08/img/15392__28995__final__s01__combined.png,/storage/users/multicog/mehul/RealismGuidance/output/checkpoints/batch/2026-04-21-23-23-20/15392__28995/n08/img/15392__28995__final__s01.png
/storage/users/multicog/mehul/RealismGuidance/data/source/15392.jpg,/storage/users/multicog/mehul/RealismGuidance/data/target/28995.jpg,2,/storage/users/multicog/mehul/RealismGuidance/output/checkpoints/batch/2026-04-21-23-23-20/15392__28995/n08/img/15392__28995__final__s02__combined.png,/storage/users/multicog/mehul/RealismGuidance/output/checkpoints/batch/2026-04-21-23-23-20/15392__28995/n08/img/15392__28995__final__s02.png
/storage/users/multicog/mehul/RealismGuidance/data/source/15392.jpg,/storage/users/multicog/mehul/RealismGuidance/data/target/28995.jpg,3,/storage/users/multicog/mehul/RealismGuidance/output/checkpoints/batch/2026-04-21-23-23-20/15392__28995/n08/img/15392__28995__final__s03__combined.png,/storage/users/multicog/mehul/RealismGuidance/output/checkpoints/batch/2026-04-21-23-23-20/15392__28995/n08/img/15392__28995__final__s03.png
/storage/users/multicog/mehul/RealismGuidance/data/source/15392.jpg,/storage/users/multicog/mehul/RealismGuidance/data/target/28995.jpg,4,/storage/users/multicog/mehul/RealismGuidance/output/checkpoints/batch/2026-04-21-23-23-20/15392__28995/n08/img/15392__28995__final__s04__combined.png,/storage/users/multicog/mehul/RealismGuidance/output/checkpoints/batch/2026-04-21-23-23-20/15392__28995/n08/img/15392__28995__final__s04.png
/storage/users/multicog/mehul/RealismGuidance/data/source/15392.jpg,/storage/users/multicog/mehul/RealismGuidance/data/target/28995.jpg,5,/storage/users/multicog/mehul/RealismGuidance/output/checkpoints/batch/2026-04-21-23-23-20/15392__28995/n08/img/15392__28995__final__s05__combined.png,/storage/users/multicog/mehul/RealismGuidance/output/checkpoints/batch/2026-04-21-23-23-20/15392__28995/n08/img/15392__28995__final__s05.png
/storage/users/multicog/mehul/RealismGuidance/data/source/15392.jpg,/storage/users/multicog/mehul/RealismGuidance/data/target/28995.jpg,6,/storage/users/multicog/mehul/RealismGuidance/output/checkpoints/batch/2026-04-21-23-23-20/15392__28995/n08/img/15392__28995__final__s06__combined.png,/storage/users/multicog/mehul/RealismGuidance/output/checkpoints/batch/2026-04-21-23-23-20/15392__28995/n08/img/15392__28995__final__s06.png
/storage/users/multicog/mehul/RealismGuidance/data/source/15392.jpg,/storage/users/multicog/mehul/RealismGuidance/data/target/28995.jpg,7,/storage/users/multicog/mehul/RealismGuidance/output/checkpoints/batch/2026-04-21-23-23-20/15392__28995/n08/img/15392__28995__final__s07__combined.png,/storage/users/multicog/mehul/RealismGuidance/output/checkpoints/batch/2026-04-21-23-23-20/15392__28995/n08/img/15392__28995__final__s07.png
/storage/users/multicog/mehul/RealismGuidance/data/source/28436.jpg,/storage/users/multicog/mehul/RealismGuidance/data/target/23645.jpg,0,/storage/users/multicog/mehul/RealismGuidance/output/checkpoints/batch/2026-04-21-23-23-20/28436__23645/n08/img/28436__23645__final__s00__combined.png,/storage/users/multicog/mehul/RealismGuidance/output/checkpoints/batch/2026-04-21-23-23-20/28436__23645/n08/img/28436__23645__final__s00.png
/storage/users/multicog/mehul/RealismGuidance/data/source/28436.jpg,/storage/users/multicog/mehul/RealismGuidance/data/target/23645.jpg,1,/storage/users/multicog/mehul/RealismGuidance/output/checkpoints/batch/2026-04-21-23-23-20/28436__23645/n08/img/28436__23645__final__s01__combined.png,/storage/users/multicog/mehul/RealismGuidance/output/checkpoints/batch/2026-04-21-23-23-20/28436__23645/n08/img/28436__23645__final__s01.png
/storage/users/multicog/mehul/RealismGuidance/data/source/28436.jpg,/storage/users/multicog/mehul/RealismGuidance/data/target/23645.jpg,2,/storage/users/multicog/mehul/RealismGuidance/output/checkpoints/batch/2026-04-21-23-23-20/28436__23645/n08/img/28436__23645__final__s02__combined.png,/storage/users/multicog/mehul/RealismGuidance/output/checkpoints/batch/2026-04-21-23-23-20/28436__23645/n08/img/28436__23645__final__s02.png
/storage/users/multicog/mehul/RealismGuidance/data/source/28436.jpg,/storage/users/multicog/mehul/RealismGuidance/data/target/23645.jpg,3,/storage/users/multicog/mehul/RealismGuidance/output/checkpoints/batch/2026-04-21-23-23-20/28436__23645/n08/img/28436__23645__final__s03__combined.png,/storage/users/multicog/mehul/RealismGuidance/output/checkpoints/batch/2026-04-21-23-23-20/28436__23645/n08/img/28436__23645__final__s03.png
/storage/users/multicog/mehul/RealismGuidance/data/source/28436.jpg,/storage/users/multicog/mehul/RealismGuidance/data/target/23645.jpg,4,/storage/users/multicog/mehul/RealismGuidance/output/checkpoints/batch/2026-04-21-23-23-20/28436__23645/n08/img/28436__23645__final__s04__combined.png,/storage/users/multicog/mehul/RealismGuidance/output/checkpoints/batch/2026-04-21-23-23-20/28436__23645/n08/img/28436__23645__final__s04.png
/storage/users/multicog/mehul/RealismGuidance/data/source/28436.jpg,/storage/users/multicog/mehul/RealismGuidance/data/target/23645.jpg,5,/storage/users/multicog/mehul/RealismGuidance/output/checkpoints/batch/2026-04-21-23-23-20/28436__23645/n08/img/28436__23645__final__s05__combined.png,/storage/users/multicog/mehul/RealismGuidance/output/checkpoints/batch/2026-04-21-23-23-20/28436__23645/n08/img/28436__23645__final__s05.png
/storage/users/multicog/mehul/RealismGuidance/data/source/28436.jpg,/storage/users/multicog/mehul/RealismGuidance/data/target/23645.jpg,6,/storage/users/multicog/mehul/RealismGuidance/output/checkpoints/batch/2026-04-21-23-23-20/28436__23645/n08/img/28436__23645__final__s06__combined.png,/storage/users/multicog/mehul/RealismGuidance/output/checkpoints/batch/2026-04-21-23-23-20/28436__23645/n08/img/28436__23645__final__s06.png
/storage/users/multicog/mehul/RealismGuidance/data/source/28436.jpg,/storage/users/multicog/mehul/RealismGuidance/data/target/23645.jpg,7,/storage/users/multicog/mehul/RealismGuidance/output/checkpoints/batch/2026-04-21-23-23-20/28436__23645/n08/img/28436__23645__final__s07__combined.png,/storage/users/multicog/mehul/RealismGuidance/output/checkpoints/batch/2026-04-21-23-23-20/28436__23645/n08/img/28436__23645__final__s07.png
/storage/users/multicog/mehul/RealismGuidance/data/source/20413.jpg,/storage/users/multicog/mehul/RealismGuidance/data/target/10399.jpg,0,/storage/users/multicog/mehul/RealismGuidance/output/checkpoints/batch/2026-04-21-23-23-20/20413__10399/n08/img/20413__10399__final__s00__combined.png,/storage/users/multicog/mehul/RealismGuidance/output/checkpoints/batch/2026-04-21-23-23-20/20413__10399/n08/img/20413__10399__final__s00.png
/storage/users/multicog/mehul/RealismGuidance/data/source/20413.jpg,/storage/users/multicog/mehul/RealismGuidance/data/target/10399.jpg,1,/storage/users/multicog/mehul/RealismGuidance/output/checkpoints/batch/2026-04-21-23-23-20/20413__10399/n08/img/20413__10399__final__s01__combined.png,/storage/users/multicog/mehul/RealismGuidance/output/checkpoints/batch/2026-04-21-23-23-20/20413__10399/n08/img/20413__10399__final__s01.png
/storage/users/multicog/mehul/RealismGuidance/data/source/20413.jpg,/storage/users/multicog/mehul/RealismGuidance/data/target/10399.jpg,2,/storage/users/multicog/mehul/RealismGuidance/output/checkpoints/batch/2026-04-21-23-23-20/20413__10399/n08/img/20413__10399__final__s02__combined.png,/storage/users/multicog/mehul/RealismGuidance/output/checkpoints/batch/2026-04-21-23-23-20/20413__10399/n08/img/20413__10399__final__s02.png
/storage/users/multicog/mehul/RealismGuidance/data/source/20413.jpg,/storage/users/multicog/mehul/RealismGuidance/data/target/10399.jpg,3,/storage/users/multicog/mehul/RealismGuidance/output/checkpoints/batch/2026-04-21-23-23-20/20413__10399/n08/img/20413__10399__final__s03__combined.png,/storage/users/multicog/mehul/RealismGuidance/output/checkpoints/batch/2026-04-21-23-23-20/20413__10399/n08/img/20413__10399__final__s03.png
/storage/users/multicog/mehul/RealismGuidance/data/source/20413.jpg,/storage/users/multicog/mehul/RealismGuidance/data/target/10399.jpg,4,/storage/users/multicog/mehul/RealismGuidance/output/checkpoints/batch/2026-04-21-23-23-20/20413__10399/n08/img/20413__10399__final__s04__combined.png,/storage/users/multicog/mehul/RealismGuidance/output/checkpoints/batch/2026-04-21-23-23-20/20413__10399/n08/img/20413__10399__final__s04.png
/storage/users/multicog/mehul/RealismGuidance/data/source/20413.jpg,/storage/users/multicog/mehul/RealismGuidance/data/target/10399.jpg,5,/storage/users/multicog/mehul/RealismGuidance/output/checkpoints/batch/2026-04-21-23-23-20/20413__10399/n08/img/20413__10399__final__s05__combined.png,/storage/users/multicog/mehul/RealismGuidance/output/checkpoints/batch/2026-04-21-23-23-20/20413__10399/n08/img/20413__10399__final__s05.png
/storage/users/multicog/mehul/RealismGuidance/data/source/20413.jpg,/storage/users/multicog/mehul/RealismGuidance/data/target/10399.jpg,6,/storage/users/multicog/mehul/RealismGuidance/output/checkpoints/batch/2026-04-21-23-23-20/20413__10399/n08/img/20413__10399__final__s06__combined.png,/storage/users/multicog/mehul/RealismGuidance/output/checkpoints/batch/2026-04-21-23-23-20/20413__10399/n08/img/20413__10399__final__s06.png
/storage/users/multicog/mehul/RealismGuidance/data/source/20413.jpg,/storage/users/multicog/mehul/RealismGuidance/data/target/10399.jpg,7,/storage/users/multicog/mehul/RealismGuidance/output/checkpoints/batch/2026-04-21-23-23-20/20413__10399/n08/img/20413__10399__final__s07__combined.png,/storage/users/multicog/mehul/RealismGuidance/output/checkpoints/batch/2026-04-21-23-23-20/20413__10399/n08/img/20413__10399__final__s07.png
/storage/users/multicog/mehul/RealismGuidance/data/source/23239.jpg,/storage/users/multicog/mehul/RealismGuidance/data/target/21334.jpg,0,/storage/users/multicog/mehul/RealismGuidance/output/checkpoints/batch/2026-04-21-23-23-20/23239__21334/n08/img/23239__21334__final__s00__combined.png,/storage/users/multicog/mehul/RealismGuidance/output/checkpoints/batch/2026-04-21-23-23-20/23239__21334/n08/img/23239__21334__final__s00.png
/storage/users/multicog/mehul/RealismGuidance/data/source/23239.jpg,/storage/users/multicog/mehul/RealismGuidance/data/target/21334.jpg,1,/storage/users/multicog/mehul/RealismGuidance/output/checkpoints/batch/2026-04-21-23-23-20/23239__21334/n08/img/23239__21334__final__s01__combined.png,/storage/users/multicog/mehul/RealismGuidance/output/checkpoints/batch/2026-04-21-23-23-20/23239__21334/n08/img/23239__21334__final__s01.png
/storage/users/multicog/mehul/RealismGuidance/data/source/23239.jpg,/storage/users/multicog/mehul/RealismGuidance/data/target/21334.jpg,2,/storage/users/multicog/mehul/RealismGuidance/output/checkpoints/batch/2026-04-21-23-23-20/23239__21334/n08/img/23239__21334__final__s02__combined.png,/storage/users/multicog/mehul/RealismGuidance/output/checkpoints/batch/2026-04-21-23-23-20/23239__21334/n08/img/23239__21334__final__s02.png
/storage/users/multicog/mehul/RealismGuidance/data/source/23239.jpg,/storage/users/multicog/mehul/RealismGuidance/data/target/21334.jpg,3,/storage/users/multicog/mehul/RealismGuidance/output/checkpoints/batch/2026-04-21-23-23-20/23239__21334/n08/img/23239__21334__final__s03__combined.png,/storage/users/multicog/mehul/RealismGuidance/output/checkpoints/batch/2026-04-21-23-23-20/23239__21334/n08/img/23239__21334__final__s03.png
/storage/users/multicog/mehul/RealismGuidance/data/source/23239.jpg,/storage/users/multicog/mehul/RealismGuidance/data/target/21334.jpg,4,/storage/users/multicog/mehul/RealismGuidance/output/checkpoints/batch/2026-04-21-23-23-20/23239__21334/n08/img/23239__21334__final__s04__combined.png,/storage/users/multicog/mehul/RealismGuidance/output/checkpoints/batch/2026-04-21-23-23-20/23239__21334/n08/img/23239__21334__final__s04.png
/storage/users/multicog/mehul/RealismGuidance/data/source/23239.jpg,/storage/users/multicog/mehul/RealismGuidance/data/target/21334.jpg,5,/storage/users/multicog/mehul/RealismGuidance/output/checkpoints/batch/2026-04-21-23-23-20/23239__21334/n08/img/23239__21334__final__s05__combined.png,/storage/users/multicog/mehul/RealismGuidance/output/checkpoints/batch/2026-04-21-23-23-20/23239__21334/n08/img/23239__21334__final__s05.png
/storage/users/multicog/mehul/RealismGuidance/data/source/23239.jpg,/storage/users/multicog/mehul/RealismGuidance/data/target/21334.jpg,6,/storage/users/multicog/mehul/RealismGuidance/output/checkpoints/batch/2026-04-21-23-23-20/23239__21334/n08/img/23239__21334__final__s06__combined.png,/storage/users/multicog/mehul/RealismGuidance/output/checkpoints/batch/2026-04-21-23-23-20/23239__21334/n08/img/23239__21334__final__s06.png
/storage/users/multicog/mehul/RealismGuidance/data/source/23239.jpg,/storage/users/multicog/mehul/RealismGuidance/data/target/21334.jpg,7,/storage/users/multicog/mehul/RealismGuidance/output/checkpoints/batch/2026-04-21-23-23-20/23239__21334/n08/img/23239__21334__final__s07__combined.png,/storage/users/multicog/mehul/RealismGuidance/output/checkpoints/batch/2026-04-21-23-23-20/23239__21334/n08/img/23239__21334__final__s07.png
/storage/users/multicog/mehul/RealismGuidance/data/source/06509.jpg,/storage/users/multicog/mehul/RealismGuidance/data/target/02712.jpg,0,/storage/users/multicog/mehul/RealismGuidance/output/checkpoints/batch/2026-04-21-23-23-20/06509__02712/n08/img/06509__02712__final__s00__combined.png,/storage/users/multicog/mehul/RealismGuidance/output/checkpoints/batch/2026-04-21-23-23-20/06509__02712/n08/img/06509__02712__final__s00.png
/storage/users/multicog/mehul/RealismGuidance/data/source/06509.jpg,/storage/users/multicog/mehul/RealismGuidance/data/target/02712.jpg,1,/storage/users/multicog/mehul/RealismGuidance/output/checkpoints/batch/2026-04-21-23-23-20/06509__02712/n08/img/06509__02712__final__s01__combined.png,/storage/users/multicog/mehul/RealismGuidance/output/checkpoints/batch/2026-04-21-23-23-20/06509__02712/n08/img/06509__02712__final__s01.png
/storage/users/multicog/mehul/RealismGuidance/data/source/06509.jpg,/storage/users/multicog/mehul/RealismGuidance/data/target/02712.jpg,2,/storage/users/multicog/mehul/RealismGuidance/output/checkpoints/batch/2026-04-21-23-23-20/06509__02712/n08/img/06509__02712__final__s02__combined.png,/storage/users/multicog/mehul/RealismGuidance/output/checkpoints/batch/2026-04-21-23-23-20/06509__02712/n08/img/06509__02712__final__s02.png
/storage/users/multicog/mehul/RealismGuidance/data/source/06509.jpg,/storage/users/multicog/mehul/RealismGuidance/data/target/02712.jpg,3,/storage/users/multicog/mehul/RealismGuidance/output/checkpoints/batch/2026-04-21-23-23-20/06509__02712/n08/img/06509__02712__final__s03__combined.png,/storage/users/multicog/mehul/RealismGuidance/output/checkpoints/batch/2026-04-21-23-23-20/06509__02712/n08/img/06509__02712__final__s03.png
/storage/users/multicog/mehul/RealismGuidance/data/source/06509.jpg,/storage/users/multicog/mehul/RealismGuidance/data/target/02712.jpg,4,/storage/users/multicog/mehul/RealismGuidance/output/checkpoints/batch/2026-04-21-23-23-20/06509__02712/n08/img/06509__02712__final__s04__combined.png,/storage/users/multicog/mehul/RealismGuidance/output/checkpoints/batch/2026-04-21-23-23-20/06509__02712/n08/img/06509__02712__final__s04.png
/storage/users/multicog/mehul/RealismGuidance/data/source/06509.jpg,/storage/users/multicog/mehul/RealismGuidance/data/target/02712.jpg,5,/storage/users/multicog/mehul/RealismGuidance/output/checkpoints/batch/2026-04-21-23-23-20/06509__02712/n08/img/06509__02712__final__s05__combined.png,/storage/users/multicog/mehul/RealismGuidance/output/checkpoints/batch/2026-04-21-23-23-20/06509__02712/n08/img/06509__02712__final__s05.png
/storage/users/multicog/mehul/RealismGuidance/data/source/06509.jpg,/storage/users/multicog/mehul/RealismGuidance/data/target/02712.jpg,6,/storage/users/multicog/mehul/RealismGuidance/output/checkpoints/batch/2026-04-21-23-23-20/06509__02712/n08/img/06509__02712__final__s06__combined.png,/storage/users/multicog/mehul/RealismGuidance/output/checkpoints/batch/2026-04-21-23-23-20/06509__02712/n08/img/06509__02712__final__s06.png
/storage/users/multicog/mehul/RealismGuidance/data/source/06509.jpg,/storage/users/multicog/mehul/RealismGuidance/data/target/02712.jpg,7,/storage/users/multicog/mehul/RealismGuidance/output/checkpoints/batch/2026-04-21-23-23-20/06509__02712/n08/img/06509__02712__final__s07__combined.png,/storage/users/multicog/mehul/RealismGuidance/output/checkpoints/batch/2026-04-21-23-23-20/06509__02712/n08/img/06509__02712__final__s07.png
/storage/users/multicog/mehul/RealismGuidance/data/source/28860.jpg,/storage/users/multicog/mehul/RealismGuidance/data/target/29785.jpg,0,/storage/users/multicog/mehul/RealismGuidance/output/checkpoints/batch/2026-04-21-23-23-20/28860__29785/n08/img/28860__29785__final__s00__combined.png,/storage/users/multicog/mehul/RealismGuidance/output/checkpoints/batch/2026-04-21-23-23-20/28860__29785/n08/img/28860__29785__final__s00.png
/storage/users/multicog/mehul/RealismGuidance/data/source/28860.jpg,/storage/users/multicog/mehul/RealismGuidance/data/target/29785.jpg,1,/storage/users/multicog/mehul/RealismGuidance/output/checkpoints/batch/2026-04-21-23-23-20/28860__29785/n08/img/28860__29785__final__s01__combined.png,/storage/users/multicog/mehul/RealismGuidance/output/checkpoints/batch/2026-04-21-23-23-20/28860__29785/n08/img/28860__29785__final__s01.png
/storage/users/multicog/mehul/RealismGuidance/data/source/28860.jpg,/storage/users/multicog/mehul/RealismGuidance/data/target/29785.jpg,2,/storage/users/multicog/mehul/RealismGuidance/output/checkpoints/batch/2026-04-21-23-23-20/28860__29785/n08/img/28860__29785__final__s02__combined.png,/storage/users/multicog/mehul/RealismGuidance/output/checkpoints/batch/2026-04-21-23-23-20/28860__29785/n08/img/28860__29785__final__s02.png
/storage/users/multicog/mehul/RealismGuidance/data/source/28860.jpg,/storage/users/multicog/mehul/RealismGuidance/data/target/29785.jpg,3,/storage/users/multicog/mehul/RealismGuidance/output/checkpoints/batch/2026-04-21-23-23-20/28860__29785/n08/img/28860__29785__final__s03__combined.png,/storage/users/multicog/mehul/RealismGuidance/output/checkpoints/batch/2026-04-21-23-23-20/28860__29785/n08/img/28860__29785__final__s03.png
/storage/users/multicog/mehul/RealismGuidance/data/source/28860.jpg,/storage/users/multicog/mehul/RealismGuidance/data/target/29785.jpg,4,/storage/users/multicog/mehul/RealismGuidance/output/checkpoints/batch/2026-04-21-23-23-20/28860__29785/n08/img/28860__29785__final__s04__combined.png,/storage/users/multicog/mehul/RealismGuidance/output/checkpoints/batch/2026-04-21-23-23-20/28860__29785/n08/img/28860__29785__final__s04.png
/storage/users/multicog/mehul/RealismGuidance/data/source/28860.jpg,/storage/users/multicog/mehul/RealismGuidance/data/target/29785.jpg,5,/storage/users/multicog/mehul/RealismGuidance/output/checkpoints/batch/2026-04-21-23-23-20/28860__29785/n08/img/28860__29785__final__s05__combined.png,/storage/users/multicog/mehul/RealismGuidance/output/checkpoints/batch/2026-04-21-23-23-20/28860__29785/n08/img/28860__29785__final__s05.png
/storage/users/multicog/mehul/RealismGuidance/data/source/28860.jpg,/storage/users/multicog/mehul/RealismGuidance/data/target/29785.jpg,6,/storage/users/multicog/mehul/RealismGuidance/output/checkpoints/batch/2026-04-21-23-23-20/28860__29785/n08/img/28860__29785__final__s06__combined.png,/storage/users/multicog/mehul/RealismGuidance/output/checkpoints/batch/2026-04-21-23-23-20/28860__29785/n08/img/28860__29785__final__s06.png
/storage/users/multicog/mehul/RealismGuidance/data/source/28860.jpg,/storage/users/multicog/mehul/RealismGuidance/data/target/29785.jpg,7,/storage/users/multicog/mehul/RealismGuidance/output/checkpoints/batch/2026-04-21-23-23-20/28860__29785/n08/img/28860__29785__final__s07__combined.png,/storage/users/multicog/mehul/RealismGuidance/output/checkpoints/batch/2026-04-21-23-23-20/28860__29785/n08/img/28860__29785__final__s07.png
/storage/users/multicog/mehul/RealismGuidance/data/source/10253.jpg,/storage/users/multicog/mehul/RealismGuidance/data/target/17779.jpg,0,/storage/users/multicog/mehul/RealismGuidance/output/checkpoints/batch/2026-04-21-23-23-20/10253__17779/n08/img/10253__17779__final__s00__combined.png,/storage/users/multicog/mehul/RealismGuidance/output/checkpoints/batch/2026-04-21-23-23-20/10253__17779/n08/img/10253__17779__final__s00.png
/storage/users/multicog/mehul/RealismGuidance/data/source/10253.jpg,/storage/users/multicog/mehul/RealismGuidance/data/target/17779.jpg,1,/storage/users/multicog/mehul/RealismGuidance/output/checkpoints/batch/2026-04-21-23-23-20/10253__17779/n08/img/10253__17779__final__s01__combined.png,/storage/users/multicog/mehul/RealismGuidance/output/checkpoints/batch/2026-04-21-23-23-20/10253__17779/n08/img/10253__17779__final__s01.png
/storage/users/multicog/mehul/RealismGuidance/data/source/10253.jpg,/storage/users/multicog/mehul/RealismGuidance/data/target/17779.jpg,2,/storage/users/multicog/mehul/RealismGuidance/output/checkpoints/batch/2026-04-21-23-23-20/10253__17779/n08/img/10253__17779__final__s02__combined.png,/storage/users/multicog/mehul/RealismGuidance/output/checkpoints/batch/2026-04-21-23-23-20/10253__17779/n08/img/10253__17779__final__s02.png
/storage/users/multicog/mehul/RealismGuidance/data/source/10253.jpg,/storage/users/multicog/mehul/RealismGuidance/data/target/17779.jpg,3,/storage/users/multicog/mehul/RealismGuidance/output/checkpoints/batch/2026-04-21-23-23-20/10253__17779/n08/img/10253__17779__final__s03__combined.png,/storage/users/multicog/mehul/RealismGuidance/output/checkpoints/batch/2026-04-21-23-23-20/10253__17779/n08/img/10253__17779__final__s03.png
/storage/users/multicog/mehul/RealismGuidance/data/source/10253.jpg,/storage/users/multicog/mehul/RealismGuidance/data/target/17779.jpg,4,/storage/users/multicog/mehul/RealismGuidance/output/checkpoints/batch/2026-04-21-23-23-20/10253__17779/n08/img/10253__17779__final__s04__combined.png,/storage/users/multicog/mehul/RealismGuidance/output/checkpoints/batch/2026-04-21-23-23-20/10253__17779/n08/img/10253__17779__final__s04.png
/storage/users/multicog/mehul/RealismGuidance/data/source/10253.jpg,/storage/users/multicog/mehul/RealismGuidance/data/target/17779.jpg,5,/storage/users/multicog/mehul/RealismGuidance/output/checkpoints/batch/2026-04-21-23-23-20/10253__17779/n08/img/10253__17779__final__s05__combined.png,/storage/users/multicog/mehul/RealismGuidance/output/checkpoints/batch/2026-04-21-23-23-20/10253__17779/n08/img/10253__17779__final__s05.png
/storage/users/multicog/mehul/RealismGuidance/data/source/10253.jpg,/storage/users/multicog/mehul/RealismGuidance/data/target/17779.jpg,6,/storage/users/multicog/mehul/RealismGuidance/output/checkpoints/batch/2026-04-21-23-23-20/10253__17779/n08/img/10253__17779__final__s06__combined.png,/storage/users/multicog/mehul/RealismGuidance/output/checkpoints/batch/2026-04-21-23-23-20/10253__17779/n08/img/10253__17779__final__s06.png
/storage/users/multicog/mehul/RealismGuidance/data/source/10253.jpg,/storage/users/multicog/mehul/RealismGuidance/data/target/17779.jpg,7,/storage/users/multicog/mehul/RealismGuidance/output/checkpoints/batch/2026-04-21-23-23-20/10253__17779/n08/img/10253__17779__final__s07__combined.png,/storage/users/multicog/mehul/RealismGuidance/output/checkpoints/batch/2026-04-21-23-23-20/10253__17779/n08/img/10253__17779__final__s07.png
/storage/users/multicog/mehul/RealismGuidance/data/source/08658.jpg,/storage/users/multicog/mehul/RealismGuidance/data/target/24361.jpg,0,/storage/users/multicog/mehul/RealismGuidance/output/checkpoints/batch/2026-04-21-23-23-20/08658__24361/n08/img/08658__24361__final__s00__combined.png,/storage/users/multicog/mehul/RealismGuidance/output/checkpoints/batch/2026-04-21-23-23-20/08658__24361/n08/img/08658__24361__final__s00.png
/storage/users/multicog/mehul/RealismGuidance/data/source/08658.jpg,/storage/users/multicog/mehul/RealismGuidance/data/target/24361.jpg,1,/storage/users/multicog/mehul/RealismGuidance/output/checkpoints/batch/2026-04-21-23-23-20/08658__24361/n08/img/08658__24361__final__s01__combined.png,/storage/users/multicog/mehul/RealismGuidance/output/checkpoints/batch/2026-04-21-23-23-20/08658__24361/n08/img/08658__24361__final__s01.png
/storage/users/multicog/mehul/RealismGuidance/data/source/08658.jpg,/storage/users/multicog/mehul/RealismGuidance/data/target/24361.jpg,2,/storage/users/multicog/mehul/RealismGuidance/output/checkpoints/batch/2026-04-21-23-23-20/08658__24361/n08/img/08658__24361__final__s02__combined.png,/storage/users/multicog/mehul/RealismGuidance/output/checkpoints/batch/2026-04-21-23-23-20/08658__24361/n08/img/08658__24361__final__s02.png
/storage/users/multicog/mehul/RealismGuidance/data/source/08658.jpg,/storage/users/multicog/mehul/RealismGuidance/data/target/24361.jpg,3,/storage/users/multicog/mehul/RealismGuidance/output/checkpoints/batch/2026-04-21-23-23-20/08658__24361/n08/img/08658__24361__final__s03__combined.png,/storage/users/multicog/mehul/RealismGuidance/output/checkpoints/batch/2026-04-21-23-23-20/08658__24361/n08/img/08658__24361__final__s03.png
/storage/users/multicog/mehul/RealismGuidance/data/source/08658.jpg,/storage/users/multicog/mehul/RealismGuidance/data/target/24361.jpg,4,/storage/users/multicog/mehul/RealismGuidance/output/checkpoints/batch/2026-04-21-23-23-20/08658__24361/n08/img/08658__24361__final__s04__combined.png,/storage/users/multicog/mehul/RealismGuidance/output/checkpoints/batch/2026-04-21-23-23-20/08658__24361/n08/img/08658__24361__final__s04.png
/storage/users/multicog/mehul/RealismGuidance/data/source/08658.jpg,/storage/users/multicog/mehul/RealismGuidance/data/target/24361.jpg,5,/storage/users/multicog/mehul/RealismGuidance/output/checkpoints/batch/2026-04-21-23-23-20/08658__24361/n08/img/08658__24361__final__s05__combined.png,/storage/users/multicog/mehul/RealismGuidance/output/checkpoints/batch/2026-04-21-23-23-20/08658__24361/n08/img/08658__24361__final__s05.png
/storage/users/multicog/mehul/RealismGuidance/data/source/08658.jpg,/storage/users/multicog/mehul/RealismGuidance/data/target/24361.jpg,6,/storage/users/multicog/mehul/RealismGuidance/output/checkpoints/batch/2026-04-21-23-23-20/08658__24361/n08/img/08658__24361__final__s06__combined.png,/storage/users/multicog/mehul/RealismGuidance/output/checkpoints/batch/2026-04-21-23-23-20/08658__24361/n08/img/08658__24361__final__s06.png
/storage/users/multicog/mehul/RealismGuidance/data/source/08658.jpg,/storage/users/multicog/mehul/RealismGuidance/data/target/24361.jpg,7,/storage/users/multicog/mehul/RealismGuidance/output/checkpoints/batch/2026-04-21-23-23-20/08658__24361/n08/img/08658__24361__final__s07__combined.png,/storage/users/multicog/mehul/RealismGuidance/output/checkpoints/batch/2026-04-21-23-23-20/08658__24361/n08/img/08658__24361__final__s07.png
/storage/users/multicog/mehul/RealismGuidance/data/source/19318.jpg,/storage/users/multicog/mehul/RealismGuidance/data/target/02645.jpg,0,/storage/users/multicog/mehul/RealismGuidance/output/checkpoints/batch/2026-04-21-23-23-20/19318__02645/n08/img/19318__02645__final__s00__combined.png,/storage/users/multicog/mehul/RealismGuidance/output/checkpoints/batch/2026-04-21-23-23-20/19318__02645/n08/img/19318__02645__final__s00.png
/storage/users/multicog/mehul/RealismGuidance/data/source/19318.jpg,/storage/users/multicog/mehul/RealismGuidance/data/target/02645.jpg,1,/storage/users/multicog/mehul/RealismGuidance/output/checkpoints/batch/2026-04-21-23-23-20/19318__02645/n08/img/19318__02645__final__s01__combined.png,/storage/users/multicog/mehul/RealismGuidance/output/checkpoints/batch/2026-04-21-23-23-20/19318__02645/n08/img/19318__02645__final__s01.png
/storage/users/multicog/mehul/RealismGuidance/data/source/19318.jpg,/storage/users/multicog/mehul/RealismGuidance/data/target/02645.jpg,2,/storage/users/multicog/mehul/RealismGuidance/output/checkpoints/batch/2026-04-21-23-23-20/19318__02645/n08/img/19318__02645__final__s02__combined.png,/storage/users/multicog/mehul/RealismGuidance/output/checkpoints/batch/2026-04-21-23-23-20/19318__02645/n08/img/19318__02645__final__s02.png
/storage/users/multicog/mehul/RealismGuidance/data/source/19318.jpg,/storage/users/multicog/mehul/RealismGuidance/data/target/02645.jpg,3,/storage/users/multicog/mehul/RealismGuidance/output/checkpoints/batch/2026-04-21-23-23-20/19318__02645/n08/img/19318__02645__final__s03__combined.png,/storage/users/multicog/mehul/RealismGuidance/output/checkpoints/batch/2026-04-21-23-23-20/19318__02645/n08/img/19318__02645__final__s03.png
/storage/users/multicog/mehul/RealismGuidance/data/source/19318.jpg,/storage/users/multicog/mehul/RealismGuidance/data/target/02645.jpg,4,/storage/users/multicog/mehul/RealismGuidance/output/checkpoints/batch/2026-04-21-23-23-20/19318__02645/n08/img/19318__02645__final__s04__combined.png,/storage/users/multicog/mehul/RealismGuidance/output/checkpoints/batch/2026-04-21-23-23-20/19318__02645/n08/img/19318__02645__final__s04.png
/storage/users/multicog/mehul/RealismGuidance/data/source/19318.jpg,/storage/users/multicog/mehul/RealismGuidance/data/target/02645.jpg,5,/storage/users/multicog/mehul/RealismGuidance/output/checkpoints/batch/2026-04-21-23-23-20/19318__02645/n08/img/19318__02645__final__s05__combined.png,/storage/users/multicog/mehul/RealismGuidance/output/checkpoints/batch/2026-04-21-23-23-20/19318__02645/n08/img/19318__02645__final__s05.png
/storage/users/multicog/mehul/RealismGuidance/data/source/19318.jpg,/storage/users/multicog/mehul/RealismGuidance/data/target/02645.jpg,6,/storage/users/multicog/mehul/RealismGuidance/output/checkpoints/batch/2026-04-21-23-23-20/19318__02645/n08/img/19318__02645__final__s06__combined.png,/storage/users/multicog/mehul/RealismGuidance/output/checkpoints/batch/2026-04-21-23-23-20/19318__02645/n08/img/19318__02645__final__s06.png
/storage/users/multicog/mehul/RealismGuidance/data/source/19318.jpg,/storage/users/multicog/mehul/RealismGuidance/data/target/02645.jpg,7,/storage/users/multicog/mehul/RealismGuidance/output/checkpoints/batch/2026-04-21-23-23-20/19318__02645/n08/img/19318__02645__final__s07__combined.png,/storage/users/multicog/mehul/RealismGuidance/output/checkpoints/batch/2026-04-21-23-23-20/19318__02645/n08/img/19318__02645__final__s07.png
/storage/users/multicog/mehul/RealismGuidance/data/source/04758.jpg,/storage/users/multicog/mehul/RealismGuidance/data/target/09267.jpg,0,/storage/users/multicog/mehul/RealismGuidance/output/checkpoints/batch/2026-04-21-23-23-20/04758__09267/n08/img/04758__09267__final__s00__combined.png,/storage/users/multicog/mehul/RealismGuidance/output/checkpoints/batch/2026-04-21-23-23-20/04758__09267/n08/img/04758__09267__final__s00.png
/storage/users/multicog/mehul/RealismGuidance/data/source/04758.jpg,/storage/users/multicog/mehul/RealismGuidance/data/target/09267.jpg,1,/storage/users/multicog/mehul/RealismGuidance/output/checkpoints/batch/2026-04-21-23-23-20/04758__09267/n08/img/04758__09267__final__s01__combined.png,/storage/users/multicog/mehul/RealismGuidance/output/checkpoints/batch/2026-04-21-23-23-20/04758__09267/n08/img/04758__09267__final__s01.png
/storage/users/multicog/mehul/RealismGuidance/data/source/04758.jpg,/storage/users/multicog/mehul/RealismGuidance/data/target/09267.jpg,2,/storage/users/multicog/mehul/RealismGuidance/output/checkpoints/batch/2026-04-21-23-23-20/04758__09267/n08/img/04758__09267__final__s02__combined.png,/storage/users/multicog/mehul/RealismGuidance/output/checkpoints/batch/2026-04-21-23-23-20/04758__09267/n08/img/04758__09267__final__s02.png
/storage/users/multicog/mehul/RealismGuidance/data/source/04758.jpg,/storage/users/multicog/mehul/RealismGuidance/data/target/09267.jpg,3,/storage/users/multicog/mehul/RealismGuidance/output/checkpoints/batch/2026-04-21-23-23-20/04758__09267/n08/img/04758__09267__final__s03__combined.png,/storage/users/multicog/mehul/RealismGuidance/output/checkpoints/batch/2026-04-21-23-23-20/04758__09267/n08/img/04758__09267__final__s03.png
/storage/users/multicog/mehul/RealismGuidance/data/source/04758.jpg,/storage/users/multicog/mehul/RealismGuidance/data/target/09267.jpg,4,/storage/users/multicog/mehul/RealismGuidance/output/checkpoints/batch/2026-04-21-23-23-20/04758__09267/n08/img/04758__09267__final__s04__combined.png,/storage/users/multicog/mehul/RealismGuidance/output/checkpoints/batch/2026-04-21-23-23-20/04758__09267/n08/img/04758__09267__final__s04.png
/storage/users/multicog/mehul/RealismGuidance/data/source/04758.jpg,/storage/users/multicog/mehul/RealismGuidance/data/target/09267.jpg,5,/storage/users/multicog/mehul/RealismGuidance/output/checkpoints/batch/2026-04-21-23-23-20/04758__09267/n08/img/04758__09267__final__s05__combined.png,/storage/users/multicog/mehul/RealismGuidance/output/checkpoints/batch/2026-04-21-23-23-20/04758__09267/n08/img/04758__09267__final__s05.png
/storage/users/multicog/mehul/RealismGuidance/data/source/04758.jpg,/storage/users/multicog/mehul/RealismGuidance/data/target/09267.jpg,6,/storage/users/multicog/mehul/RealismGuidance/output/checkpoints/batch/2026-04-21-23-23-20/04758__09267/n08/img/04758__09267__final__s06__combined.png,/storage/users/multicog/mehul/RealismGuidance/output/checkpoints/batch/2026-04-21-23-23-20/04758__09267/n08/img/04758__09267__final__s06.png
/storage/users/multicog/mehul/RealismGuidance/data/source/04758.jpg,/storage/users/multicog/mehul/RealismGuidance/data/target/09267.jpg,7,/storage/users/multicog/mehul/RealismGuidance/output/checkpoints/batch/2026-04-21-23-23-20/04758__09267/n08/img/04758__09267__final__s07__combined.png,/storage/users/multicog/mehul/RealismGuidance/output/checkpoints/batch/2026-04-21-23-23-20/04758__09267/n08/img/04758__09267__final__s07.png
/storage/users/multicog/mehul/RealismGuidance/data/source/05007.jpg,/storage/users/multicog/mehul/RealismGuidance/data/target/21330.jpg,0,/storage/users/multicog/mehul/RealismGuidance/output/checkpoints/batch/2026-04-21-23-23-20/05007__21330/n08/img/05007__21330__final__s00__combined.png,/storage/users/multicog/mehul/RealismGuidance/output/checkpoints/batch/2026-04-21-23-23-20/05007__21330/n08/img/05007__21330__final__s00.png
/storage/users/multicog/mehul/RealismGuidance/data/source/05007.jpg,/storage/users/multicog/mehul/RealismGuidance/data/target/21330.jpg,1,/storage/users/multicog/mehul/RealismGuidance/output/checkpoints/batch/2026-04-21-23-23-20/05007__21330/n08/img/05007__21330__final__s01__combined.png,/storage/users/multicog/mehul/RealismGuidance/output/checkpoints/batch/2026-04-21-23-23-20/05007__21330/n08/img/05007__21330__final__s01.png
/storage/users/multicog/mehul/RealismGuidance/data/source/05007.jpg,/storage/users/multicog/mehul/RealismGuidance/data/target/21330.jpg,2,/storage/users/multicog/mehul/RealismGuidance/output/checkpoints/batch/2026-04-21-23-23-20/05007__21330/n08/img/05007__21330__final__s02__combined.png,/storage/users/multicog/mehul/RealismGuidance/output/checkpoints/batch/2026-04-21-23-23-20/05007__21330/n08/img/05007__21330__final__s02.png
/storage/users/multicog/mehul/RealismGuidance/data/source/05007.jpg,/storage/users/multicog/mehul/RealismGuidance/data/target/21330.jpg,3,/storage/users/multicog/mehul/RealismGuidance/output/checkpoints/batch/2026-04-21-23-23-20/05007__21330/n08/img/05007__21330__final__s03__combined.png,/storage/users/multicog/mehul/RealismGuidance/output/checkpoints/batch/2026-04-21-23-23-20/05007__21330/n08/img/05007__21330__final__s03.png
/storage/users/multicog/mehul/RealismGuidance/data/source/05007.jpg,/storage/users/multicog/mehul/RealismGuidance/data/target/21330.jpg,4,/storage/users/multicog/mehul/RealismGuidance/output/checkpoints/batch/2026-04-21-23-23-20/05007__21330/n08/img/05007__21330__final__s04__combined.png,/storage/users/multicog/mehul/RealismGuidance/output/checkpoints/batch/2026-04-21-23-23-20/05007__21330/n08/img/05007__21330__final__s04.png
/storage/users/multicog/mehul/RealismGuidance/data/source/05007.jpg,/storage/users/multicog/mehul/RealismGuidance/data/target/21330.jpg,5,/storage/users/multicog/mehul/RealismGuidance/output/checkpoints/batch/2026-04-21-23-23-20/05007__21330/n08/img/05007__21330__final__s05__combined.png,/storage/users/multicog/mehul/RealismGuidance/output/checkpoints/batch/2026-04-21-23-23-20/05007__21330/n08/img/05007__21330__final__s05.png
/storage/users/multicog/mehul/RealismGuidance/data/source/05007.jpg,/storage/users/multicog/mehul/RealismGuidance/data/target/21330.jpg,6,/storage/users/multicog/mehul/RealismGuidance/output/checkpoints/batch/2026-04-21-23-23-20/05007__21330/n08/img/05007__21330__final__s06__combined.png,/storage/users/multicog/mehul/RealismGuidance/output/checkpoints/batch/2026-04-21-23-23-20/05007__21330/n08/img/05007__21330__final__s06.png
/storage/users/multicog/mehul/RealismGuidance/data/source/05007.jpg,/storage/users/multicog/mehul/RealismGuidance/data/target/21330.jpg,7,/storage/users/multicog/mehul/RealismGuidance/output/checkpoints/batch/2026-04-21-23-23-20/05007__21330/n08/img/05007__21330__final__s07__combined.png,/storage/users/multicog/mehul/RealismGuidance/output/checkpoints/batch/2026-04-21-23-23-20/05007__21330/n08/img/05007__21330__final__s07.png
/storage/users/multicog/mehul/RealismGuidance/data/source/16972.jpg,/storage/users/multicog/mehul/RealismGuidance/data/target/12281.jpg,0,/storage/users/multicog/mehul/RealismGuidance/output/checkpoints/batch/2026-04-21-23-23-20/16972__12281/n08/img/16972__12281__final__s00__combined.png,/storage/users/multicog/mehul/RealismGuidance/output/checkpoints/batch/2026-04-21-23-23-20/16972__12281/n08/img/16972__12281__final__s00.png
/storage/users/multicog/mehul/RealismGuidance/data/source/16972.jpg,/storage/users/multicog/mehul/RealismGuidance/data/target/12281.jpg,1,/storage/users/multicog/mehul/RealismGuidance/output/checkpoints/batch/2026-04-21-23-23-20/16972__12281/n08/img/16972__12281__final__s01__combined.png,/storage/users/multicog/mehul/RealismGuidance/output/checkpoints/batch/2026-04-21-23-23-20/16972__12281/n08/img/16972__12281__final__s01.png
/storage/users/multicog/mehul/RealismGuidance/data/source/16972.jpg,/storage/users/multicog/mehul/RealismGuidance/data/target/12281.jpg,2,/storage/users/multicog/mehul/RealismGuidance/output/checkpoints/batch/2026-04-21-23-23-20/16972__12281/n08/img/16972__12281__final__s02__combined.png,/storage/users/multicog/mehul/RealismGuidance/output/checkpoints/batch/2026-04-21-23-23-20/16972__12281/n08/img/16972__12281__final__s02.png
/storage/users/multicog/mehul/RealismGuidance/data/source/16972.jpg,/storage/users/multicog/mehul/RealismGuidance/data/target/12281.jpg,3,/storage/users/multicog/mehul/RealismGuidance/output/checkpoints/batch/2026-04-21-23-23-20/16972__12281/n08/img/16972__12281__final__s03__combined.png,/storage/users/multicog/mehul/RealismGuidance/output/checkpoints/batch/2026-04-21-23-23-20/16972__12281/n08/img/16972__12281__final__s03.png
/storage/users/multicog/mehul/RealismGuidance/data/source/16972.jpg,/storage/users/multicog/mehul/RealismGuidance/data/target/12281.jpg,4,/storage/users/multicog/mehul/RealismGuidance/output/checkpoints/batch/2026-04-21-23-23-20/16972__12281/n08/img/16972__12281__final__s04__combined.png,/storage/users/multicog/mehul/RealismGuidance/output/checkpoints/batch/2026-04-21-23-23-20/16972__12281/n08/img/16972__12281__final__s04.png
/storage/users/multicog/mehul/RealismGuidance/data/source/16972.jpg,/storage/users/multicog/mehul/RealismGuidance/data/target/12281.jpg,5,/storage/users/multicog/mehul/RealismGuidance/output/checkpoints/batch/2026-04-21-23-23-20/16972__12281/n08/img/16972__12281__final__s05__combined.png,/storage/users/multicog/mehul/RealismGuidance/output/checkpoints/batch/2026-04-21-23-23-20/16972__12281/n08/img/16972__12281__final__s05.png
/storage/users/multicog/mehul/RealismGuidance/data/source/16972.jpg,/storage/users/multicog/mehul/RealismGuidance/data/target/12281.jpg,6,/storage/users/multicog/mehul/RealismGuidance/output/checkpoints/batch/2026-04-21-23-23-20/16972__12281/n08/img/16972__12281__final__s06__combined.png,/storage/users/multicog/mehul/RealismGuidance/output/checkpoints/batch/2026-04-21-23-23-20/16972__12281/n08/img/16972__12281__final__s06.png
/storage/users/multicog/mehul/RealismGuidance/data/source/16972.jpg,/storage/users/multicog/mehul/RealismGuidance/data/target/12281.jpg,7,/storage/users/multicog/mehul/RealismGuidance/output/checkpoints/batch/2026-04-21-23-23-20/16972__12281/n08/img/16972__12281__final__s07__combined.png,/storage/users/multicog/mehul/RealismGuidance/output/checkpoints/batch/2026-04-21-23-23-20/16972__12281/n08/img/16972__12281__final__s07.png
/storage/users/multicog/mehul/RealismGuidance/data/source/10479.jpg,/storage/users/multicog/mehul/RealismGuidance/data/target/16886.jpg,0,/storage/users/multicog/mehul/RealismGuidance/output/checkpoints/batch/2026-04-21-23-23-20/10479__16886/n08/img/10479__16886__final__s00__combined.png,/storage/users/multicog/mehul/RealismGuidance/output/checkpoints/batch/2026-04-21-23-23-20/10479__16886/n08/img/10479__16886__final__s00.png
/storage/users/multicog/mehul/RealismGuidance/data/source/10479.jpg,/storage/users/multicog/mehul/RealismGuidance/data/target/16886.jpg,1,/storage/users/multicog/mehul/RealismGuidance/output/checkpoints/batch/2026-04-21-23-23-20/10479__16886/n08/img/10479__16886__final__s01__combined.png,/storage/users/multicog/mehul/RealismGuidance/output/checkpoints/batch/2026-04-21-23-23-20/10479__16886/n08/img/10479__16886__final__s01.png
/storage/users/multicog/mehul/RealismGuidance/data/source/10479.jpg,/storage/users/multicog/mehul/RealismGuidance/data/target/16886.jpg,2,/storage/users/multicog/mehul/RealismGuidance/output/checkpoints/batch/2026-04-21-23-23-20/10479__16886/n08/img/10479__16886__final__s02__combined.png,/storage/users/multicog/mehul/RealismGuidance/output/checkpoints/batch/2026-04-21-23-23-20/10479__16886/n08/img/10479__16886__final__s02.png
/storage/users/multicog/mehul/RealismGuidance/data/source/10479.jpg,/storage/users/multicog/mehul/RealismGuidance/data/target/16886.jpg,3,/storage/users/multicog/mehul/RealismGuidance/output/checkpoints/batch/2026-04-21-23-23-20/10479__16886/n08/img/10479__16886__final__s03__combined.png,/storage/users/multicog/mehul/RealismGuidance/output/checkpoints/batch/2026-04-21-23-23-20/10479__16886/n08/img/10479__16886__final__s03.png
/storage/users/multicog/mehul/RealismGuidance/data/source/10479.jpg,/storage/users/multicog/mehul/RealismGuidance/data/target/16886.jpg,4,/storage/users/multicog/mehul/RealismGuidance/output/checkpoints/batch/2026-04-21-23-23-20/10479__16886/n08/img/10479__16886__final__s04__combined.png,/storage/users/multicog/mehul/RealismGuidance/output/checkpoints/batch/2026-04-21-23-23-20/10479__16886/n08/img/10479__16886__final__s04.png
/storage/users/multicog/mehul/RealismGuidance/data/source/10479.jpg,/storage/users/multicog/mehul/RealismGuidance/data/target/16886.jpg,5,/storage/users/multicog/mehul/RealismGuidance/output/checkpoints/batch/2026-04-21-23-23-20/10479__16886/n08/img/10479__16886__final__s05__combined.png,/storage/users/multicog/mehul/RealismGuidance/output/checkpoints/batch/2026-04-21-23-23-20/10479__16886/n08/img/10479__16886__final__s05.png
/storage/users/multicog/mehul/RealismGuidance/data/source/10479.jpg,/storage/users/multicog/mehul/RealismGuidance/data/target/16886.jpg,6,/storage/users/multicog/mehul/RealismGuidance/output/checkpoints/batch/2026-04-21-23-23-20/10479__16886/n08/img/10479__16886__final__s06__combined.png,/storage/users/multicog/mehul/RealismGuidance/output/checkpoints/batch/2026-04-21-23-23-20/10479__16886/n08/img/10479__16886__final__s06.png
/storage/users/multicog/mehul/RealismGuidance/data/source/10479.jpg,/storage/users/multicog/mehul/RealismGuidance/data/target/16886.jpg,7,/storage/users/multicog/mehul/RealismGuidance/output/checkpoints/batch/2026-04-21-23-23-20/10479__16886/n08/img/10479__16886__final__s07__combined.png,/storage/users/multicog/mehul/RealismGuidance/output/checkpoints/batch/2026-04-21-23-23-20/10479__16886/n08/img/10479__16886__final__s07.png
/storage/users/multicog/mehul/RealismGuidance/data/source/07929.jpg,/storage/users/multicog/mehul/RealismGuidance/data/target/17635.jpg,0,/storage/users/multicog/mehul/RealismGuidance/output/checkpoints/batch/2026-04-21-23-23-20/07929__17635/n08/img/07929__17635__final__s00__combined.png,/storage/users/multicog/mehul/RealismGuidance/output/checkpoints/batch/2026-04-21-23-23-20/07929__17635/n08/img/07929__17635__final__s00.png
/storage/users/multicog/mehul/RealismGuidance/data/source/07929.jpg,/storage/users/multicog/mehul/RealismGuidance/data/target/17635.jpg,1,/storage/users/multicog/mehul/RealismGuidance/output/checkpoints/batch/2026-04-21-23-23-20/07929__17635/n08/img/07929__17635__final__s01__combined.png,/storage/users/multicog/mehul/RealismGuidance/output/checkpoints/batch/2026-04-21-23-23-20/07929__17635/n08/img/07929__17635__final__s01.png
/storage/users/multicog/mehul/RealismGuidance/data/source/07929.jpg,/storage/users/multicog/mehul/RealismGuidance/data/target/17635.jpg,2,/storage/users/multicog/mehul/RealismGuidance/output/checkpoints/batch/2026-04-21-23-23-20/07929__17635/n08/img/07929__17635__final__s02__combined.png,/storage/users/multicog/mehul/RealismGuidance/output/checkpoints/batch/2026-04-21-23-23-20/07929__17635/n08/img/07929__17635__final__s02.png
/storage/users/multicog/mehul/RealismGuidance/data/source/07929.jpg,/storage/users/multicog/mehul/RealismGuidance/data/target/17635.jpg,3,/storage/users/multicog/mehul/RealismGuidance/output/checkpoints/batch/2026-04-21-23-23-20/07929__17635/n08/img/07929__17635__final__s03__combined.png,/storage/users/multicog/mehul/RealismGuidance/output/checkpoints/batch/2026-04-21-23-23-20/07929__17635/n08/img/07929__17635__final__s03.png
/storage/users/multicog/mehul/RealismGuidance/data/source/07929.jpg,/storage/users/multicog/mehul/RealismGuidance/data/target/17635.jpg,4,/storage/users/multicog/mehul/RealismGuidance/output/checkpoints/batch/2026-04-21-23-23-20/07929__17635/n08/img/07929__17635__final__s04__combined.png,/storage/users/multicog/mehul/RealismGuidance/output/checkpoints/batch/2026-04-21-23-23-20/07929__17635/n08/img/07929__17635__final__s04.png
/storage/users/multicog/mehul/RealismGuidance/data/source/07929.jpg,/storage/users/multicog/mehul/RealismGuidance/data/target/17635.jpg,5,/storage/users/multicog/mehul/RealismGuidance/output/checkpoints/batch/2026-04-21-23-23-20/07929__17635/n08/img/07929__17635__final__s05__combined.png,/storage/users/multicog/mehul/RealismGuidance/output/checkpoints/batch/2026-04-21-23-23-20/07929__17635/n08/img/07929__17635__final__s05.png
/storage/users/multicog/mehul/RealismGuidance/data/source/07929.jpg,/storage/users/multicog/mehul/RealismGuidance/data/target/17635.jpg,6,/storage/users/multicog/mehul/RealismGuidance/output/checkpoints/batch/2026-04-21-23-23-20/07929__17635/n08/img/07929__17635__final__s06__combined.png,/storage/users/multicog/mehul/RealismGuidance/output/checkpoints/batch/2026-04-21-23-23-20/07929__17635/n08/img/07929__17635__final__s06.png
/storage/users/multicog/mehul/RealismGuidance/data/source/07929.jpg,/storage/users/multicog/mehul/RealismGuidance/data/target/17635.jpg,7,/storage/users/multicog/mehul/RealismGuidance/output/checkpoints/batch/2026-04-21-23-23-20/07929__17635/n08/img/07929__17635__final__s07__combined.png,/storage/users/multicog/mehul/RealismGuidance/output/checkpoints/batch/2026-04-21-23-23-20/07929__17635/n08/img/07929__17635__final__s07.png
/storage/users/multicog/mehul/RealismGuidance/data/source/22279.jpg,/storage/users/multicog/mehul/RealismGuidance/data/target/29539.jpg,0,/storage/users/multicog/mehul/RealismGuidance/output/checkpoints/batch/2026-04-21-23-23-20/22279__29539/n08/img/22279__29539__final__s00__combined.png,/storage/users/multicog/mehul/RealismGuidance/output/checkpoints/batch/2026-04-21-23-23-20/22279__29539/n08/img/22279__29539__final__s00.png
/storage/users/multicog/mehul/RealismGuidance/data/source/22279.jpg,/storage/users/multicog/mehul/RealismGuidance/data/target/29539.jpg,1,/storage/users/multicog/mehul/RealismGuidance/output/checkpoints/batch/2026-04-21-23-23-20/22279__29539/n08/img/22279__29539__final__s01__combined.png,/storage/users/multicog/mehul/RealismGuidance/output/checkpoints/batch/2026-04-21-23-23-20/22279__29539/n08/img/22279__29539__final__s01.png
/storage/users/multicog/mehul/RealismGuidance/data/source/22279.jpg,/storage/users/multicog/mehul/RealismGuidance/data/target/29539.jpg,2,/storage/users/multicog/mehul/RealismGuidance/output/checkpoints/batch/2026-04-21-23-23-20/22279__29539/n08/img/22279__29539__final__s02__combined.png,/storage/users/multicog/mehul/RealismGuidance/output/checkpoints/batch/2026-04-21-23-23-20/22279__29539/n08/img/22279__29539__final__s02.png
/storage/users/multicog/mehul/RealismGuidance/data/source/22279.jpg,/storage/users/multicog/mehul/RealismGuidance/data/target/29539.jpg,3,/storage/users/multicog/mehul/RealismGuidance/output/checkpoints/batch/2026-04-21-23-23-20/22279__29539/n08/img/22279__29539__final__s03__combined.png,/storage/users/multicog/mehul/RealismGuidance/output/checkpoints/batch/2026-04-21-23-23-20/22279__29539/n08/img/22279__29539__final__s03.png
/storage/users/multicog/mehul/RealismGuidance/data/source/22279.jpg,/storage/users/multicog/mehul/RealismGuidance/data/target/29539.jpg,4,/storage/users/multicog/mehul/RealismGuidance/output/checkpoints/batch/2026-04-21-23-23-20/22279__29539/n08/img/22279__29539__final__s04__combined.png,/storage/users/multicog/mehul/RealismGuidance/output/checkpoints/batch/2026-04-21-23-23-20/22279__29539/n08/img/22279__29539__final__s04.png
/storage/users/multicog/mehul/RealismGuidance/data/source/22279.jpg,/storage/users/multicog/mehul/RealismGuidance/data/target/29539.jpg,5,/storage/users/multicog/mehul/RealismGuidance/output/checkpoints/batch/2026-04-21-23-23-20/22279__29539/n08/img/22279__29539__final__s05__combined.png,/storage/users/multicog/mehul/RealismGuidance/output/checkpoints/batch/2026-04-21-23-23-20/22279__29539/n08/img/22279__29539__final__s05.png
/storage/users/multicog/mehul/RealismGuidance/data/source/22279.jpg,/storage/users/multicog/mehul/RealismGuidance/data/target/29539.jpg,6,/storage/users/multicog/mehul/RealismGuidance/output/checkpoints/batch/2026-04-21-23-23-20/22279__29539/n08/img/22279__29539__final__s06__combined.png,/storage/users/multicog/mehul/RealismGuidance/output/checkpoints/batch/2026-04-21-23-23-20/22279__29539/n08/img/22279__29539__final__s06.png
/storage/users/multicog/mehul/RealismGuidance/data/source/22279.jpg,/storage/users/multicog/mehul/RealismGuidance/data/target/29539.jpg,7,/storage/users/multicog/mehul/RealismGuidance/output/checkpoints/batch/2026-04-21-23-23-20/22279__29539/n08/img/22279__29539__final__s07__combined.png,/storage/users/multicog/mehul/RealismGuidance/output/checkpoints/batch/2026-04-21-23-23-20/22279__29539/n08/img/22279__29539__final__s07.png
/storage/users/multicog/mehul/RealismGuidance/data/source/08193.jpg,/storage/users/multicog/mehul/RealismGuidance/data/target/00451.jpg,0,/storage/users/multicog/mehul/RealismGuidance/output/checkpoints/batch/2026-04-21-23-23-20/08193__00451/n08/img/08193__00451__final__s00__combined.png,/storage/users/multicog/mehul/RealismGuidance/output/checkpoints/batch/2026-04-21-23-23-20/08193__00451/n08/img/08193__00451__final__s00.png
/storage/users/multicog/mehul/RealismGuidance/data/source/08193.jpg,/storage/users/multicog/mehul/RealismGuidance/data/target/00451.jpg,1,/storage/users/multicog/mehul/RealismGuidance/output/checkpoints/batch/2026-04-21-23-23-20/08193__00451/n08/img/08193__00451__final__s01__combined.png,/storage/users/multicog/mehul/RealismGuidance/output/checkpoints/batch/2026-04-21-23-23-20/08193__00451/n08/img/08193__00451__final__s01.png
/storage/users/multicog/mehul/RealismGuidance/data/source/08193.jpg,/storage/users/multicog/mehul/RealismGuidance/data/target/00451.jpg,2,/storage/users/multicog/mehul/RealismGuidance/output/checkpoints/batch/2026-04-21-23-23-20/08193__00451/n08/img/08193__00451__final__s02__combined.png,/storage/users/multicog/mehul/RealismGuidance/output/checkpoints/batch/2026-04-21-23-23-20/08193__00451/n08/img/08193__00451__final__s02.png
/storage/users/multicog/mehul/RealismGuidance/data/source/08193.jpg,/storage/users/multicog/mehul/RealismGuidance/data/target/00451.jpg,3,/storage/users/multicog/mehul/RealismGuidance/output/checkpoints/batch/2026-04-21-23-23-20/08193__00451/n08/img/08193__00451__final__s03__combined.png,/storage/users/multicog/mehul/RealismGuidance/output/checkpoints/batch/2026-04-21-23-23-20/08193__00451/n08/img/08193__00451__final__s03.png
/storage/users/multicog/mehul/RealismGuidance/data/source/08193.jpg,/storage/users/multicog/mehul/RealismGuidance/data/target/00451.jpg,4,/storage/users/multicog/mehul/RealismGuidance/output/checkpoints/batch/2026-04-21-23-23-20/08193__00451/n08/img/08193__00451__final__s04__combined.png,/storage/users/multicog/mehul/RealismGuidance/output/checkpoints/batch/2026-04-21-23-23-20/08193__00451/n08/img/08193__00451__final__s04.png
/storage/users/multicog/mehul/RealismGuidance/data/source/08193.jpg,/storage/users/multicog/mehul/RealismGuidance/data/target/00451.jpg,5,/storage/users/multicog/mehul/RealismGuidance/output/checkpoints/batch/2026-04-21-23-23-20/08193__00451/n08/img/08193__00451__final__s05__combined.png,/storage/users/multicog/mehul/RealismGuidance/output/checkpoints/batch/2026-04-21-23-23-20/08193__00451/n08/img/08193__00451__final__s05.png
/storage/users/multicog/mehul/RealismGuidance/data/source/08193.jpg,/storage/users/multicog/mehul/RealismGuidance/data/target/00451.jpg,6,/storage/users/multicog/mehul/RealismGuidance/output/checkpoints/batch/2026-04-21-23-23-20/08193__00451/n08/img/08193__00451__final__s06__combined.png,/storage/users/multicog/mehul/RealismGuidance/output/checkpoints/batch/2026-04-21-23-23-20/08193__00451/n08/img/08193__00451__final__s06.png
/storage/users/multicog/mehul/RealismGuidance/data/source/08193.jpg,/storage/users/multicog/mehul/RealismGuidance/data/target/00451.jpg,7,/storage/users/multicog/mehul/RealismGuidance/output/checkpoints/batch/2026-04-21-23-23-20/08193__00451/n08/img/08193__00451__final__s07__combined.png,/storage/users/multicog/mehul/RealismGuidance/output/checkpoints/batch/2026-04-21-23-23-20/08193__00451/n08/img/08193__00451__final__s07.png
/storage/users/multicog/mehul/RealismGuidance/data/source/17834.jpg,/storage/users/multicog/mehul/RealismGuidance/data/target/25414.jpg,0,/storage/users/multicog/mehul/RealismGuidance/output/checkpoints/batch/2026-04-21-23-23-20/17834__25414/n08/img/17834__25414__final__s00__combined.png,/storage/users/multicog/mehul/RealismGuidance/output/checkpoints/batch/2026-04-21-23-23-20/17834__25414/n08/img/17834__25414__final__s00.png
/storage/users/multicog/mehul/RealismGuidance/data/source/17834.jpg,/storage/users/multicog/mehul/RealismGuidance/data/target/25414.jpg,1,/storage/users/multicog/mehul/RealismGuidance/output/checkpoints/batch/2026-04-21-23-23-20/17834__25414/n08/img/17834__25414__final__s01__combined.png,/storage/users/multicog/mehul/RealismGuidance/output/checkpoints/batch/2026-04-21-23-23-20/17834__25414/n08/img/17834__25414__final__s01.png
/storage/users/multicog/mehul/RealismGuidance/data/source/17834.jpg,/storage/users/multicog/mehul/RealismGuidance/data/target/25414.jpg,2,/storage/users/multicog/mehul/RealismGuidance/output/checkpoints/batch/2026-04-21-23-23-20/17834__25414/n08/img/17834__25414__final__s02__combined.png,/storage/users/multicog/mehul/RealismGuidance/output/checkpoints/batch/2026-04-21-23-23-20/17834__25414/n08/img/17834__25414__final__s02.png
/storage/users/multicog/mehul/RealismGuidance/data/source/17834.jpg,/storage/users/multicog/mehul/RealismGuidance/data/target/25414.jpg,3,/storage/users/multicog/mehul/RealismGuidance/output/checkpoints/batch/2026-04-21-23-23-20/17834__25414/n08/img/17834__25414__final__s03__combined.png,/storage/users/multicog/mehul/RealismGuidance/output/checkpoints/batch/2026-04-21-23-23-20/17834__25414/n08/img/17834__25414__final__s03.png
/storage/users/multicog/mehul/RealismGuidance/data/source/17834.jpg,/storage/users/multicog/mehul/RealismGuidance/data/target/25414.jpg,4,/storage/users/multicog/mehul/RealismGuidance/output/checkpoints/batch/2026-04-21-23-23-20/17834__25414/n08/img/17834__25414__final__s04__combined.png,/storage/users/multicog/mehul/RealismGuidance/output/checkpoints/batch/2026-04-21-23-23-20/17834__25414/n08/img/17834__25414__final__s04.png
/storage/users/multicog/mehul/RealismGuidance/data/source/17834.jpg,/storage/users/multicog/mehul/RealismGuidance/data/target/25414.jpg,5,/storage/users/multicog/mehul/RealismGuidance/output/checkpoints/batch/2026-04-21-23-23-20/17834__25414/n08/img/17834__25414__final__s05__combined.png,/storage/users/multicog/mehul/RealismGuidance/output/checkpoints/batch/2026-04-21-23-23-20/17834__25414/n08/img/17834__25414__final__s05.png
/storage/users/multicog/mehul/RealismGuidance/data/source/17834.jpg,/storage/users/multicog/mehul/RealismGuidance/data/target/25414.jpg,6,/storage/users/multicog/mehul/RealismGuidance/output/checkpoints/batch/2026-04-21-23-23-20/17834__25414/n08/img/17834__25414__final__s06__combined.png,/storage/users/multicog/mehul/RealismGuidance/output/checkpoints/batch/2026-04-21-23-23-20/17834__25414/n08/img/17834__25414__final__s06.png
/storage/users/multicog/mehul/RealismGuidance/data/source/17834.jpg,/storage/users/multicog/mehul/RealismGuidance/data/target/25414.jpg,7,/storage/users/multicog/mehul/RealismGuidance/output/checkpoints/batch/2026-04-21-23-23-20/17834__25414/n08/img/17834__25414__final__s07__combined.png,/storage/users/multicog/mehul/RealismGuidance/output/checkpoints/batch/2026-04-21-23-23-20/17834__25414/n08/img/17834__25414__final__s07.png
/storage/users/multicog/mehul/RealismGuidance/data/source/01126.jpg,/storage/users/multicog/mehul/RealismGuidance/data/target/23760.jpg,0,/storage/users/multicog/mehul/RealismGuidance/output/checkpoints/batch/2026-04-21-23-23-20/01126__23760/n08/img/01126__23760__final__s00__combined.png,/storage/users/multicog/mehul/RealismGuidance/output/checkpoints/batch/2026-04-21-23-23-20/01126__23760/n08/img/01126__23760__final__s00.png
/storage/users/multicog/mehul/RealismGuidance/data/source/01126.jpg,/storage/users/multicog/mehul/RealismGuidance/data/target/23760.jpg,1,/storage/users/multicog/mehul/RealismGuidance/output/checkpoints/batch/2026-04-21-23-23-20/01126__23760/n08/img/01126__23760__final__s01__combined.png,/storage/users/multicog/mehul/RealismGuidance/output/checkpoints/batch/2026-04-21-23-23-20/01126__23760/n08/img/01126__23760__final__s01.png
/storage/users/multicog/mehul/RealismGuidance/data/source/01126.jpg,/storage/users/multicog/mehul/RealismGuidance/data/target/23760.jpg,2,/storage/users/multicog/mehul/RealismGuidance/output/checkpoints/batch/2026-04-21-23-23-20/01126__23760/n08/img/01126__23760__final__s02__combined.png,/storage/users/multicog/mehul/RealismGuidance/output/checkpoints/batch/2026-04-21-23-23-20/01126__23760/n08/img/01126__23760__final__s02.png
/storage/users/multicog/mehul/RealismGuidance/data/source/01126.jpg,/storage/users/multicog/mehul/RealismGuidance/data/target/23760.jpg,3,/storage/users/multicog/mehul/RealismGuidance/output/checkpoints/batch/2026-04-21-23-23-20/01126__23760/n08/img/01126__23760__final__s03__combined.png,/storage/users/multicog/mehul/RealismGuidance/output/checkpoints/batch/2026-04-21-23-23-20/01126__23760/n08/img/01126__23760__final__s03.png
/storage/users/multicog/mehul/RealismGuidance/data/source/01126.jpg,/storage/users/multicog/mehul/RealismGuidance/data/target/23760.jpg,4,/storage/users/multicog/mehul/RealismGuidance/output/checkpoints/batch/2026-04-21-23-23-20/01126__23760/n08/img/01126__23760__final__s04__combined.png,/storage/users/multicog/mehul/RealismGuidance/output/checkpoints/batch/2026-04-21-23-23-20/01126__23760/n08/img/01126__23760__final__s04.png
/storage/users/multicog/mehul/RealismGuidance/data/source/01126.jpg,/storage/users/multicog/mehul/RealismGuidance/data/target/23760.jpg,5,/storage/users/multicog/mehul/RealismGuidance/output/checkpoints/batch/2026-04-21-23-23-20/01126__23760/n08/img/01126__23760__final__s05__combined.png,/storage/users/multicog/mehul/RealismGuidance/output/checkpoints/batch/2026-04-21-23-23-20/01126__23760/n08/img/01126__23760__final__s05.png
/storage/users/multicog/mehul/RealismGuidance/data/source/01126.jpg,/storage/users/multicog/mehul/RealismGuidance/data/target/23760.jpg,6,/storage/users/multicog/mehul/RealismGuidance/output/checkpoints/batch/2026-04-21-23-23-20/01126__23760/n08/img/01126__23760__final__s06__combined.png,/storage/users/multicog/mehul/RealismGuidance/output/checkpoints/batch/2026-04-21-23-23-20/01126__23760/n08/img/01126__23760__final__s06.png
/storage/users/multicog/mehul/RealismGuidance/data/source/01126.jpg,/storage/users/multicog/mehul/RealismGuidance/data/target/23760.jpg,7,/storage/users/multicog/mehul/RealismGuidance/output/checkpoints/batch/2026-04-21-23-23-20/01126__23760/n08/img/01126__23760__final__s07__combined.png,/storage/users/multicog/mehul/RealismGuidance/output/checkpoints/batch/2026-04-21-23-23-20/01126__23760/n08/img/01126__23760__final__s07.png
/storage/users/multicog/mehul/RealismGuidance/data/source/03537.jpg,/storage/users/multicog/mehul/RealismGuidance/data/target/16048.jpg,0,/storage/users/multicog/mehul/RealismGuidance/output/checkpoints/batch/2026-04-21-23-23-20/03537__16048/n08/img/03537__16048__final__s00__combined.png,/storage/users/multicog/mehul/RealismGuidance/output/checkpoints/batch/2026-04-21-23-23-20/03537__16048/n08/img/03537__16048__final__s00.png
/storage/users/multicog/mehul/RealismGuidance/data/source/03537.jpg,/storage/users/multicog/mehul/RealismGuidance/data/target/16048.jpg,1,/storage/users/multicog/mehul/RealismGuidance/output/checkpoints/batch/2026-04-21-23-23-20/03537__16048/n08/img/03537__16048__final__s01__combined.png,/storage/users/multicog/mehul/RealismGuidance/output/checkpoints/batch/2026-04-21-23-23-20/03537__16048/n08/img/03537__16048__final__s01.png
/storage/users/multicog/mehul/RealismGuidance/data/source/03537.jpg,/storage/users/multicog/mehul/RealismGuidance/data/target/16048.jpg,2,/storage/users/multicog/mehul/RealismGuidance/output/checkpoints/batch/2026-04-21-23-23-20/03537__16048/n08/img/03537__16048__final__s02__combined.png,/storage/users/multicog/mehul/RealismGuidance/output/checkpoints/batch/2026-04-21-23-23-20/03537__16048/n08/img/03537__16048__final__s02.png
/storage/users/multicog/mehul/RealismGuidance/data/source/03537.jpg,/storage/users/multicog/mehul/RealismGuidance/data/target/16048.jpg,3,/storage/users/multicog/mehul/RealismGuidance/output/checkpoints/batch/2026-04-21-23-23-20/03537__16048/n08/img/03537__16048__final__s03__combined.png,/storage/users/multicog/mehul/RealismGuidance/output/checkpoints/batch/2026-04-21-23-23-20/03537__16048/n08/img/03537__16048__final__s03.png
/storage/users/multicog/mehul/RealismGuidance/data/source/03537.jpg,/storage/users/multicog/mehul/RealismGuidance/data/target/16048.jpg,4,/storage/users/multicog/mehul/RealismGuidance/output/checkpoints/batch/2026-04-21-23-23-20/03537__16048/n08/img/03537__16048__final__s04__combined.png,/storage/users/multicog/mehul/RealismGuidance/output/checkpoints/batch/2026-04-21-23-23-20/03537__16048/n08/img/03537__16048__final__s04.png
/storage/users/multicog/mehul/RealismGuidance/data/source/03537.jpg,/storage/users/multicog/mehul/RealismGuidance/data/target/16048.jpg,5,/storage/users/multicog/mehul/RealismGuidance/output/checkpoints/batch/2026-04-21-23-23-20/03537__16048/n08/img/03537__16048__final__s05__combined.png,/storage/users/multicog/mehul/RealismGuidance/output/checkpoints/batch/2026-04-21-23-23-20/03537__16048/n08/img/03537__16048__final__s05.png
/storage/users/multicog/mehul/RealismGuidance/data/source/03537.jpg,/storage/users/multicog/mehul/RealismGuidance/data/target/16048.jpg,6,/storage/users/multicog/mehul/RealismGuidance/output/checkpoints/batch/2026-04-21-23-23-20/03537__16048/n08/img/03537__16048__final__s06__combined.png,/storage/users/multicog/mehul/RealismGuidance/output/checkpoints/batch/2026-04-21-23-23-20/03537__16048/n08/img/03537__16048__final__s06.png
/storage/users/multicog/mehul/RealismGuidance/data/source/03537.jpg,/storage/users/multicog/mehul/RealismGuidance/data/target/16048.jpg,7,/storage/users/multicog/mehul/RealismGuidance/output/checkpoints/batch/2026-04-21-23-23-20/03537__16048/n08/img/03537__16048__final__s07__combined.png,/storage/users/multicog/mehul/RealismGuidance/output/checkpoints/batch/2026-04-21-23-23-20/03537__16048/n08/img/03537__16048__final__s07.png
/storage/users/multicog/mehul/RealismGuidance/data/source/06623.jpg,/storage/users/multicog/mehul/RealismGuidance/data/target/15204.jpg,0,/storage/users/multicog/mehul/RealismGuidance/output/checkpoints/batch/2026-04-21-23-23-20/06623__15204/n08/img/06623__15204__final__s00__combined.png,/storage/users/multicog/mehul/RealismGuidance/output/checkpoints/batch/2026-04-21-23-23-20/06623__15204/n08/img/06623__15204__final__s00.png
/storage/users/multicog/mehul/RealismGuidance/data/source/06623.jpg,/storage/users/multicog/mehul/RealismGuidance/data/target/15204.jpg,1,/storage/users/multicog/mehul/RealismGuidance/output/checkpoints/batch/2026-04-21-23-23-20/06623__15204/n08/img/06623__15204__final__s01__combined.png,/storage/users/multicog/mehul/RealismGuidance/output/checkpoints/batch/2026-04-21-23-23-20/06623__15204/n08/img/06623__15204__final__s01.png
/storage/users/multicog/mehul/RealismGuidance/data/source/06623.jpg,/storage/users/multicog/mehul/RealismGuidance/data/target/15204.jpg,2,/storage/users/multicog/mehul/RealismGuidance/output/checkpoints/batch/2026-04-21-23-23-20/06623__15204/n08/img/06623__15204__final__s02__combined.png,/storage/users/multicog/mehul/RealismGuidance/output/checkpoints/batch/2026-04-21-23-23-20/06623__15204/n08/img/06623__15204__final__s02.png
/storage/users/multicog/mehul/RealismGuidance/data/source/06623.jpg,/storage/users/multicog/mehul/RealismGuidance/data/target/15204.jpg,3,/storage/users/multicog/mehul/RealismGuidance/output/checkpoints/batch/2026-04-21-23-23-20/06623__15204/n08/img/06623__15204__final__s03__combined.png,/storage/users/multicog/mehul/RealismGuidance/output/checkpoints/batch/2026-04-21-23-23-20/06623__15204/n08/img/06623__15204__final__s03.png
/storage/users/multicog/mehul/RealismGuidance/data/source/06623.jpg,/storage/users/multicog/mehul/RealismGuidance/data/target/15204.jpg,4,/storage/users/multicog/mehul/RealismGuidance/output/checkpoints/batch/2026-04-21-23-23-20/06623__15204/n08/img/06623__15204__final__s04__combined.png,/storage/users/multicog/mehul/RealismGuidance/output/checkpoints/batch/2026-04-21-23-23-20/06623__15204/n08/img/06623__15204__final__s04.png
/storage/users/multicog/mehul/RealismGuidance/data/source/06623.jpg,/storage/users/multicog/mehul/RealismGuidance/data/target/15204.jpg,5,/storage/users/multicog/mehul/RealismGuidance/output/checkpoints/batch/2026-04-21-23-23-20/06623__15204/n08/img/06623__15204__final__s05__combined.png,/storage/users/multicog/mehul/RealismGuidance/output/checkpoints/batch/2026-04-21-23-23-20/06623__15204/n08/img/06623__15204__final__s05.png
/storage/users/multicog/mehul/RealismGuidance/data/source/06623.jpg,/storage/users/multicog/mehul/RealismGuidance/data/target/15204.jpg,6,/storage/users/multicog/mehul/RealismGuidance/output/checkpoints/batch/2026-04-21-23-23-20/06623__15204/n08/img/06623__15204__final__s06__combined.png,/storage/users/multicog/mehul/RealismGuidance/output/checkpoints/batch/2026-04-21-23-23-20/06623__15204/n08/img/06623__15204__final__s06.png
/storage/users/multicog/mehul/RealismGuidance/data/source/06623.jpg,/storage/users/multicog/mehul/RealismGuidance/data/target/15204.jpg,7,/storage/users/multicog/mehul/RealismGuidance/output/checkpoints/batch/2026-04-21-23-23-20/06623__15204/n08/img/06623__15204__final__s07__combined.png,/storage/users/multicog/mehul/RealismGuidance/output/checkpoints/batch/2026-04-21-23-23-20/06623__15204/n08/img/06623__15204__final__s07.png
/storage/users/multicog/mehul/RealismGuidance/data/source/29226.jpg,/storage/users/multicog/mehul/RealismGuidance/data/target/29685.jpg,0,/storage/users/multicog/mehul/RealismGuidance/output/checkpoints/batch/2026-04-21-23-23-20/29226__29685/n08/img/29226__29685__final__s00__combined.png,/storage/users/multicog/mehul/RealismGuidance/output/checkpoints/batch/2026-04-21-23-23-20/29226__29685/n08/img/29226__29685__final__s00.png
/storage/users/multicog/mehul/RealismGuidance/data/source/29226.jpg,/storage/users/multicog/mehul/RealismGuidance/data/target/29685.jpg,1,/storage/users/multicog/mehul/RealismGuidance/output/checkpoints/batch/2026-04-21-23-23-20/29226__29685/n08/img/29226__29685__final__s01__combined.png,/storage/users/multicog/mehul/RealismGuidance/output/checkpoints/batch/2026-04-21-23-23-20/29226__29685/n08/img/29226__29685__final__s01.png
/storage/users/multicog/mehul/RealismGuidance/data/source/29226.jpg,/storage/users/multicog/mehul/RealismGuidance/data/target/29685.jpg,2,/storage/users/multicog/mehul/RealismGuidance/output/checkpoints/batch/2026-04-21-23-23-20/29226__29685/n08/img/29226__29685__final__s02__combined.png,/storage/users/multicog/mehul/RealismGuidance/output/checkpoints/batch/2026-04-21-23-23-20/29226__29685/n08/img/29226__29685__final__s02.png
/storage/users/multicog/mehul/RealismGuidance/data/source/29226.jpg,/storage/users/multicog/mehul/RealismGuidance/data/target/29685.jpg,3,/storage/users/multicog/mehul/RealismGuidance/output/checkpoints/batch/2026-04-21-23-23-20/29226__29685/n08/img/29226__29685__final__s03__combined.png,/storage/users/multicog/mehul/RealismGuidance/output/checkpoints/batch/2026-04-21-23-23-20/29226__29685/n08/img/29226__29685__final__s03.png
/storage/users/multicog/mehul/RealismGuidance/data/source/29226.jpg,/storage/users/multicog/mehul/RealismGuidance/data/target/29685.jpg,4,/storage/users/multicog/mehul/RealismGuidance/output/checkpoints/batch/2026-04-21-23-23-20/29226__29685/n08/img/29226__29685__final__s04__combined.png,/storage/users/multicog/mehul/RealismGuidance/output/checkpoints/batch/2026-04-21-23-23-20/29226__29685/n08/img/29226__29685__final__s04.png
/storage/users/multicog/mehul/RealismGuidance/data/source/29226.jpg,/storage/users/multicog/mehul/RealismGuidance/data/target/29685.jpg,5,/storage/users/multicog/mehul/RealismGuidance/output/checkpoints/batch/2026-04-21-23-23-20/29226__29685/n08/img/29226__29685__final__s05__combined.png,/storage/users/multicog/mehul/RealismGuidance/output/checkpoints/batch/2026-04-21-23-23-20/29226__29685/n08/img/29226__29685__final__s05.png
/storage/users/multicog/mehul/RealismGuidance/data/source/29226.jpg,/storage/users/multicog/mehul/RealismGuidance/data/target/29685.jpg,6,/storage/users/multicog/mehul/RealismGuidance/output/checkpoints/batch/2026-04-21-23-23-20/29226__29685/n08/img/29226__29685__final__s06__combined.png,/storage/users/multicog/mehul/RealismGuidance/output/checkpoints/batch/2026-04-21-23-23-20/29226__29685/n08/img/29226__29685__final__s06.png
/storage/users/multicog/mehul/RealismGuidance/data/source/29226.jpg,/storage/users/multicog/mehul/RealismGuidance/data/target/29685.jpg,7,/storage/users/multicog/mehul/RealismGuidance/output/checkpoints/batch/2026-04-21-23-23-20/29226__29685/n08/img/29226__29685__final__s07__combined.png,/storage/users/multicog/mehul/RealismGuidance/output/checkpoints/batch/2026-04-21-23-23-20/29226__29685/n08/img/29226__29685__final__s07.png
/storage/users/multicog/mehul/RealismGuidance/data/source/04975.jpg,/storage/users/multicog/mehul/RealismGuidance/data/target/11658.jpg,0,/storage/users/multicog/mehul/RealismGuidance/output/checkpoints/batch/2026-04-21-23-23-20/04975__11658/n08/img/04975__11658__final__s00__combined.png,/storage/users/multicog/mehul/RealismGuidance/output/checkpoints/batch/2026-04-21-23-23-20/04975__11658/n08/img/04975__11658__final__s00.png
/storage/users/multicog/mehul/RealismGuidance/data/source/04975.jpg,/storage/users/multicog/mehul/RealismGuidance/data/target/11658.jpg,1,/storage/users/multicog/mehul/RealismGuidance/output/checkpoints/batch/2026-04-21-23-23-20/04975__11658/n08/img/04975__11658__final__s01__combined.png,/storage/users/multicog/mehul/RealismGuidance/output/checkpoints/batch/2026-04-21-23-23-20/04975__11658/n08/img/04975__11658__final__s01.png
/storage/users/multicog/mehul/RealismGuidance/data/source/04975.jpg,/storage/users/multicog/mehul/RealismGuidance/data/target/11658.jpg,2,/storage/users/multicog/mehul/RealismGuidance/output/checkpoints/batch/2026-04-21-23-23-20/04975__11658/n08/img/04975__11658__final__s02__combined.png,/storage/users/multicog/mehul/RealismGuidance/output/checkpoints/batch/2026-04-21-23-23-20/04975__11658/n08/img/04975__11658__final__s02.png
/storage/users/multicog/mehul/RealismGuidance/data/source/04975.jpg,/storage/users/multicog/mehul/RealismGuidance/data/target/11658.jpg,3,/storage/users/multicog/mehul/RealismGuidance/output/checkpoints/batch/2026-04-21-23-23-20/04975__11658/n08/img/04975__11658__final__s03__combined.png,/storage/users/multicog/mehul/RealismGuidance/output/checkpoints/batch/2026-04-21-23-23-20/04975__11658/n08/img/04975__11658__final__s03.png
/storage/users/multicog/mehul/RealismGuidance/data/source/04975.jpg,/storage/users/multicog/mehul/RealismGuidance/data/target/11658.jpg,4,/storage/users/multicog/mehul/RealismGuidance/output/checkpoints/batch/2026-04-21-23-23-20/04975__11658/n08/img/04975__11658__final__s04__combined.png,/storage/users/multicog/mehul/RealismGuidance/output/checkpoints/batch/2026-04-21-23-23-20/04975__11658/n08/img/04975__11658__final__s04.png
/storage/users/multicog/mehul/RealismGuidance/data/source/04975.jpg,/storage/users/multicog/mehul/RealismGuidance/data/target/11658.jpg,5,/storage/users/multicog/mehul/RealismGuidance/output/checkpoints/batch/2026-04-21-23-23-20/04975__11658/n08/img/04975__11658__final__s05__combined.png,/storage/users/multicog/mehul/RealismGuidance/output/checkpoints/batch/2026-04-21-23-23-20/04975__11658/n08/img/04975__11658__final__s05.png
/storage/users/multicog/mehul/RealismGuidance/data/source/04975.jpg,/storage/users/multicog/mehul/RealismGuidance/data/target/11658.jpg,6,/storage/users/multicog/mehul/RealismGuidance/output/checkpoints/batch/2026-04-21-23-23-20/04975__11658/n08/img/04975__11658__final__s06__combined.png,/storage/users/multicog/mehul/RealismGuidance/output/checkpoints/batch/2026-04-21-23-23-20/04975__11658/n08/img/04975__11658__final__s06.png
/storage/users/multicog/mehul/RealismGuidance/data/source/04975.jpg,/storage/users/multicog/mehul/RealismGuidance/data/target/11658.jpg,7,/storage/users/multicog/mehul/RealismGuidance/output/checkpoints/batch/2026-04-21-23-23-20/04975__11658/n08/img/04975__11658__final__s07__combined.png,/storage/users/multicog/mehul/RealismGuidance/output/checkpoints/batch/2026-04-21-23-23-20/04975__11658/n08/img/04975__11658__final__s07.png
/storage/users/multicog/mehul/RealismGuidance/data/source/00774.jpg,/storage/users/multicog/mehul/RealismGuidance/data/target/18151.jpg,0,/storage/users/multicog/mehul/RealismGuidance/output/checkpoints/batch/2026-04-21-23-23-20/00774__18151/n08/img/00774__18151__final__s00__combined.png,/storage/users/multicog/mehul/RealismGuidance/output/checkpoints/batch/2026-04-21-23-23-20/00774__18151/n08/img/00774__18151__final__s00.png
/storage/users/multicog/mehul/RealismGuidance/data/source/00774.jpg,/storage/users/multicog/mehul/RealismGuidance/data/target/18151.jpg,1,/storage/users/multicog/mehul/RealismGuidance/output/checkpoints/batch/2026-04-21-23-23-20/00774__18151/n08/img/00774__18151__final__s01__combined.png,/storage/users/multicog/mehul/RealismGuidance/output/checkpoints/batch/2026-04-21-23-23-20/00774__18151/n08/img/00774__18151__final__s01.png
/storage/users/multicog/mehul/RealismGuidance/data/source/00774.jpg,/storage/users/multicog/mehul/RealismGuidance/data/target/18151.jpg,2,/storage/users/multicog/mehul/RealismGuidance/output/checkpoints/batch/2026-04-21-23-23-20/00774__18151/n08/img/00774__18151__final__s02__combined.png,/storage/users/multicog/mehul/RealismGuidance/output/checkpoints/batch/2026-04-21-23-23-20/00774__18151/n08/img/00774__18151__final__s02.png
/storage/users/multicog/mehul/RealismGuidance/data/source/00774.jpg,/storage/users/multicog/mehul/RealismGuidance/data/target/18151.jpg,3,/storage/users/multicog/mehul/RealismGuidance/output/checkpoints/batch/2026-04-21-23-23-20/00774__18151/n08/img/00774__18151__final__s03__combined.png,/storage/users/multicog/mehul/RealismGuidance/output/checkpoints/batch/2026-04-21-23-23-20/00774__18151/n08/img/00774__18151__final__s03.png
/storage/users/multicog/mehul/RealismGuidance/data/source/00774.jpg,/storage/users/multicog/mehul/RealismGuidance/data/target/18151.jpg,4,/storage/users/multicog/mehul/RealismGuidance/output/checkpoints/batch/2026-04-21-23-23-20/00774__18151/n08/img/00774__18151__final__s04__combined.png,/storage/users/multicog/mehul/RealismGuidance/output/checkpoints/batch/2026-04-21-23-23-20/00774__18151/n08/img/00774__18151__final__s04.png
/storage/users/multicog/mehul/RealismGuidance/data/source/00774.jpg,/storage/users/multicog/mehul/RealismGuidance/data/target/18151.jpg,5,/storage/users/multicog/mehul/RealismGuidance/output/checkpoints/batch/2026-04-21-23-23-20/00774__18151/n08/img/00774__18151__final__s05__combined.png,/storage/users/multicog/mehul/RealismGuidance/output/checkpoints/batch/2026-04-21-23-23-20/00774__18151/n08/img/00774__18151__final__s05.png
/storage/users/multicog/mehul/RealismGuidance/data/source/00774.jpg,/storage/users/multicog/mehul/RealismGuidance/data/target/18151.jpg,6,/storage/users/multicog/mehul/RealismGuidance/output/checkpoints/batch/2026-04-21-23-23-20/00774__18151/n08/img/00774__18151__final__s06__combined.png,/storage/users/multicog/mehul/RealismGuidance/output/checkpoints/batch/2026-04-21-23-23-20/00774__18151/n08/img/00774__18151__final__s06.png
/storage/users/multicog/mehul/RealismGuidance/data/source/00774.jpg,/storage/users/multicog/mehul/RealismGuidance/data/target/18151.jpg,7,/storage/users/multicog/mehul/RealismGuidance/output/checkpoints/batch/2026-04-21-23-23-20/00774__18151/n08/img/00774__18151__final__s07__combined.png,/storage/users/multicog/mehul/RealismGuidance/output/checkpoints/batch/2026-04-21-23-23-20/00774__18151/n08/img/00774__18151__final__s07.png
/storage/users/multicog/mehul/RealismGuidance/data/source/14155.jpg,/storage/users/multicog/mehul/RealismGuidance/data/target/19023.jpg,0,/storage/users/multicog/mehul/RealismGuidance/output/checkpoints/batch/2026-04-21-23-23-20/14155__19023/n08/img/14155__19023__final__s00__combined.png,/storage/users/multicog/mehul/RealismGuidance/output/checkpoints/batch/2026-04-21-23-23-20/14155__19023/n08/img/14155__19023__final__s00.png
/storage/users/multicog/mehul/RealismGuidance/data/source/14155.jpg,/storage/users/multicog/mehul/RealismGuidance/data/target/19023.jpg,1,/storage/users/multicog/mehul/RealismGuidance/output/checkpoints/batch/2026-04-21-23-23-20/14155__19023/n08/img/14155__19023__final__s01__combined.png,/storage/users/multicog/mehul/RealismGuidance/output/checkpoints/batch/2026-04-21-23-23-20/14155__19023/n08/img/14155__19023__final__s01.png
/storage/users/multicog/mehul/RealismGuidance/data/source/14155.jpg,/storage/users/multicog/mehul/RealismGuidance/data/target/19023.jpg,2,/storage/users/multicog/mehul/RealismGuidance/output/checkpoints/batch/2026-04-21-23-23-20/14155__19023/n08/img/14155__19023__final__s02__combined.png,/storage/users/multicog/mehul/RealismGuidance/output/checkpoints/batch/2026-04-21-23-23-20/14155__19023/n08/img/14155__19023__final__s02.png
/storage/users/multicog/mehul/RealismGuidance/data/source/14155.jpg,/storage/users/multicog/mehul/RealismGuidance/data/target/19023.jpg,3,/storage/users/multicog/mehul/RealismGuidance/output/checkpoints/batch/2026-04-21-23-23-20/14155__19023/n08/img/14155__19023__final__s03__combined.png,/storage/users/multicog/mehul/RealismGuidance/output/checkpoints/batch/2026-04-21-23-23-20/14155__19023/n08/img/14155__19023__final__s03.png
/storage/users/multicog/mehul/RealismGuidance/data/source/14155.jpg,/storage/users/multicog/mehul/RealismGuidance/data/target/19023.jpg,4,/storage/users/multicog/mehul/RealismGuidance/output/checkpoints/batch/2026-04-21-23-23-20/14155__19023/n08/img/14155__19023__final__s04__combined.png,/storage/users/multicog/mehul/RealismGuidance/output/checkpoints/batch/2026-04-21-23-23-20/14155__19023/n08/img/14155__19023__final__s04.png
/storage/users/multicog/mehul/RealismGuidance/data/source/14155.jpg,/storage/users/multicog/mehul/RealismGuidance/data/target/19023.jpg,5,/storage/users/multicog/mehul/RealismGuidance/output/checkpoints/batch/2026-04-21-23-23-20/14155__19023/n08/img/14155__19023__final__s05__combined.png,/storage/users/multicog/mehul/RealismGuidance/output/checkpoints/batch/2026-04-21-23-23-20/14155__19023/n08/img/14155__19023__final__s05.png
/storage/users/multicog/mehul/RealismGuidance/data/source/14155.jpg,/storage/users/multicog/mehul/RealismGuidance/data/target/19023.jpg,6,/storage/users/multicog/mehul/RealismGuidance/output/checkpoints/batch/2026-04-21-23-23-20/14155__19023/n08/img/14155__19023__final__s06__combined.png,/storage/users/multicog/mehul/RealismGuidance/output/checkpoints/batch/2026-04-21-23-23-20/14155__19023/n08/img/14155__19023__final__s06.png
/storage/users/multicog/mehul/RealismGuidance/data/source/14155.jpg,/storage/users/multicog/mehul/RealismGuidance/data/target/19023.jpg,7,/storage/users/multicog/mehul/RealismGuidance/output/checkpoints/batch/2026-04-21-23-23-20/14155__19023/n08/img/14155__19023__final__s07__combined.png,/storage/users/multicog/mehul/RealismGuidance/output/checkpoints/batch/2026-04-21-23-23-20/14155__19023/n08/img/14155__19023__final__s07.png
/storage/users/multicog/mehul/RealismGuidance/data/source/25186.jpg,/storage/users/multicog/mehul/RealismGuidance/data/target/26571.jpg,0,/storage/users/multicog/mehul/RealismGuidance/output/checkpoints/batch/2026-04-21-23-23-20/25186__26571/n08/img/25186__26571__final__s00__combined.png,/storage/users/multicog/mehul/RealismGuidance/output/checkpoints/batch/2026-04-21-23-23-20/25186__26571/n08/img/25186__26571__final__s00.png
/storage/users/multicog/mehul/RealismGuidance/data/source/25186.jpg,/storage/users/multicog/mehul/RealismGuidance/data/target/26571.jpg,1,/storage/users/multicog/mehul/RealismGuidance/output/checkpoints/batch/2026-04-21-23-23-20/25186__26571/n08/img/25186__26571__final__s01__combined.png,/storage/users/multicog/mehul/RealismGuidance/output/checkpoints/batch/2026-04-21-23-23-20/25186__26571/n08/img/25186__26571__final__s01.png
/storage/users/multicog/mehul/RealismGuidance/data/source/25186.jpg,/storage/users/multicog/mehul/RealismGuidance/data/target/26571.jpg,2,/storage/users/multicog/mehul/RealismGuidance/output/checkpoints/batch/2026-04-21-23-23-20/25186__26571/n08/img/25186__26571__final__s02__combined.png,/storage/users/multicog/mehul/RealismGuidance/output/checkpoints/batch/2026-04-21-23-23-20/25186__26571/n08/img/25186__26571__final__s02.png
/storage/users/multicog/mehul/RealismGuidance/data/source/25186.jpg,/storage/users/multicog/mehul/RealismGuidance/data/target/26571.jpg,3,/storage/users/multicog/mehul/RealismGuidance/output/checkpoints/batch/2026-04-21-23-23-20/25186__26571/n08/img/25186__26571__final__s03__combined.png,/storage/users/multicog/mehul/RealismGuidance/output/checkpoints/batch/2026-04-21-23-23-20/25186__26571/n08/img/25186__26571__final__s03.png
/storage/users/multicog/mehul/RealismGuidance/data/source/25186.jpg,/storage/users/multicog/mehul/RealismGuidance/data/target/26571.jpg,4,/storage/users/multicog/mehul/RealismGuidance/output/checkpoints/batch/2026-04-21-23-23-20/25186__26571/n08/img/25186__26571__final__s04__combined.png,/storage/users/multicog/mehul/RealismGuidance/output/checkpoints/batch/2026-04-21-23-23-20/25186__26571/n08/img/25186__26571__final__s04.png
/storage/users/multicog/mehul/RealismGuidance/data/source/25186.jpg,/storage/users/multicog/mehul/RealismGuidance/data/target/26571.jpg,5,/storage/users/multicog/mehul/RealismGuidance/output/checkpoints/batch/2026-04-21-23-23-20/25186__26571/n08/img/25186__26571__final__s05__combined.png,/storage/users/multicog/mehul/RealismGuidance/output/checkpoints/batch/2026-04-21-23-23-20/25186__26571/n08/img/25186__26571__final__s05.png
/storage/users/multicog/mehul/RealismGuidance/data/source/25186.jpg,/storage/users/multicog/mehul/RealismGuidance/data/target/26571.jpg,6,/storage/users/multicog/mehul/RealismGuidance/output/checkpoints/batch/2026-04-21-23-23-20/25186__26571/n08/img/25186__26571__final__s06__combined.png,/storage/users/multicog/mehul/RealismGuidance/output/checkpoints/batch/2026-04-21-23-23-20/25186__26571/n08/img/25186__26571__final__s06.png
/storage/users/multicog/mehul/RealismGuidance/data/source/25186.jpg,/storage/users/multicog/mehul/RealismGuidance/data/target/26571.jpg,7,/storage/users/multicog/mehul/RealismGuidance/output/checkpoints/batch/2026-04-21-23-23-20/25186__26571/n08/img/25186__26571__final__s07__combined.png,/storage/users/multicog/mehul/RealismGuidance/output/checkpoints/batch/2026-04-21-23-23-20/25186__26571/n08/img/25186__26571__final__s07.png
/storage/users/multicog/mehul/RealismGuidance/data/source/23475.jpg,/storage/users/multicog/mehul/RealismGuidance/data/target/16689.jpg,0,/storage/users/multicog/mehul/RealismGuidance/output/checkpoints/batch/2026-04-21-23-23-20/23475__16689/n08/img/23475__16689__final__s00__combined.png,/storage/users/multicog/mehul/RealismGuidance/output/checkpoints/batch/2026-04-21-23-23-20/23475__16689/n08/img/23475__16689__final__s00.png
/storage/users/multicog/mehul/RealismGuidance/data/source/23475.jpg,/storage/users/multicog/mehul/RealismGuidance/data/target/16689.jpg,1,/storage/users/multicog/mehul/RealismGuidance/output/checkpoints/batch/2026-04-21-23-23-20/23475__16689/n08/img/23475__16689__final__s01__combined.png,/storage/users/multicog/mehul/RealismGuidance/output/checkpoints/batch/2026-04-21-23-23-20/23475__16689/n08/img/23475__16689__final__s01.png
/storage/users/multicog/mehul/RealismGuidance/data/source/23475.jpg,/storage/users/multicog/mehul/RealismGuidance/data/target/16689.jpg,2,/storage/users/multicog/mehul/RealismGuidance/output/checkpoints/batch/2026-04-21-23-23-20/23475__16689/n08/img/23475__16689__final__s02__combined.png,/storage/users/multicog/mehul/RealismGuidance/output/checkpoints/batch/2026-04-21-23-23-20/23475__16689/n08/img/23475__16689__final__s02.png
/storage/users/multicog/mehul/RealismGuidance/data/source/23475.jpg,/storage/users/multicog/mehul/RealismGuidance/data/target/16689.jpg,3,/storage/users/multicog/mehul/RealismGuidance/output/checkpoints/batch/2026-04-21-23-23-20/23475__16689/n08/img/23475__16689__final__s03__combined.png,/storage/users/multicog/mehul/RealismGuidance/output/checkpoints/batch/2026-04-21-23-23-20/23475__16689/n08/img/23475__16689__final__s03.png
/storage/users/multicog/mehul/RealismGuidance/data/source/23475.jpg,/storage/users/multicog/mehul/RealismGuidance/data/target/16689.jpg,4,/storage/users/multicog/mehul/RealismGuidance/output/checkpoints/batch/2026-04-21-23-23-20/23475__16689/n08/img/23475__16689__final__s04__combined.png,/storage/users/multicog/mehul/RealismGuidance/output/checkpoints/batch/2026-04-21-23-23-20/23475__16689/n08/img/23475__16689__final__s04.png
/storage/users/multicog/mehul/RealismGuidance/data/source/23475.jpg,/storage/users/multicog/mehul/RealismGuidance/data/target/16689.jpg,5,/storage/users/multicog/mehul/RealismGuidance/output/checkpoints/batch/2026-04-21-23-23-20/23475__16689/n08/img/23475__16689__final__s05__combined.png,/storage/users/multicog/mehul/RealismGuidance/output/checkpoints/batch/2026-04-21-23-23-20/23475__16689/n08/img/23475__16689__final__s05.png
/storage/users/multicog/mehul/RealismGuidance/data/source/23475.jpg,/storage/users/multicog/mehul/RealismGuidance/data/target/16689.jpg,6,/storage/users/multicog/mehul/RealismGuidance/output/checkpoints/batch/2026-04-21-23-23-20/23475__16689/n08/img/23475__16689__final__s06__combined.png,/storage/users/multicog/mehul/RealismGuidance/output/checkpoints/batch/2026-04-21-23-23-20/23475__16689/n08/img/23475__16689__final__s06.png
/storage/users/multicog/mehul/RealismGuidance/data/source/23475.jpg,/storage/users/multicog/mehul/RealismGuidance/data/target/16689.jpg,7,/storage/users/multicog/mehul/RealismGuidance/output/checkpoints/batch/2026-04-21-23-23-20/23475__16689/n08/img/23475__16689__final__s07__combined.png,/storage/users/multicog/mehul/RealismGuidance/output/checkpoints/batch/2026-04-21-23-23-20/23475__16689/n08/img/23475__16689__final__s07.png
/storage/users/multicog/mehul/RealismGuidance/data/source/23218.jpg,/storage/users/multicog/mehul/RealismGuidance/data/target/25587.jpg,0,/storage/users/multicog/mehul/RealismGuidance/output/checkpoints/batch/2026-04-21-23-23-20/23218__25587/n08/img/23218__25587__final__s00__combined.png,/storage/users/multicog/mehul/RealismGuidance/output/checkpoints/batch/2026-04-21-23-23-20/23218__25587/n08/img/23218__25587__final__s00.png
/storage/users/multicog/mehul/RealismGuidance/data/source/23218.jpg,/storage/users/multicog/mehul/RealismGuidance/data/target/25587.jpg,1,/storage/users/multicog/mehul/RealismGuidance/output/checkpoints/batch/2026-04-21-23-23-20/23218__25587/n08/img/23218__25587__final__s01__combined.png,/storage/users/multicog/mehul/RealismGuidance/output/checkpoints/batch/2026-04-21-23-23-20/23218__25587/n08/img/23218__25587__final__s01.png
/storage/users/multicog/mehul/RealismGuidance/data/source/23218.jpg,/storage/users/multicog/mehul/RealismGuidance/data/target/25587.jpg,2,/storage/users/multicog/mehul/RealismGuidance/output/checkpoints/batch/2026-04-21-23-23-20/23218__25587/n08/img/23218__25587__final__s02__combined.png,/storage/users/multicog/mehul/RealismGuidance/output/checkpoints/batch/2026-04-21-23-23-20/23218__25587/n08/img/23218__25587__final__s02.png
/storage/users/multicog/mehul/RealismGuidance/data/source/23218.jpg,/storage/users/multicog/mehul/RealismGuidance/data/target/25587.jpg,3,/storage/users/multicog/mehul/RealismGuidance/output/checkpoints/batch/2026-04-21-23-23-20/23218__25587/n08/img/23218__25587__final__s03__combined.png,/storage/users/multicog/mehul/RealismGuidance/output/checkpoints/batch/2026-04-21-23-23-20/23218__25587/n08/img/23218__25587__final__s03.png
/storage/users/multicog/mehul/RealismGuidance/data/source/23218.jpg,/storage/users/multicog/mehul/RealismGuidance/data/target/25587.jpg,4,/storage/users/multicog/mehul/RealismGuidance/output/checkpoints/batch/2026-04-21-23-23-20/23218__25587/n08/img/23218__25587__final__s04__combined.png,/storage/users/multicog/mehul/RealismGuidance/output/checkpoints/batch/2026-04-21-23-23-20/23218__25587/n08/img/23218__25587__final__s04.png
/storage/users/multicog/mehul/RealismGuidance/data/source/23218.jpg,/storage/users/multicog/mehul/RealismGuidance/data/target/25587.jpg,5,/storage/users/multicog/mehul/RealismGuidance/output/checkpoints/batch/2026-04-21-23-23-20/23218__25587/n08/img/23218__25587__final__s05__combined.png,/storage/users/multicog/mehul/RealismGuidance/output/checkpoints/batch/2026-04-21-23-23-20/23218__25587/n08/img/23218__25587__final__s05.png
/storage/users/multicog/mehul/RealismGuidance/data/source/23218.jpg,/storage/users/multicog/mehul/RealismGuidance/data/target/25587.jpg,6,/storage/users/multicog/mehul/RealismGuidance/output/checkpoints/batch/2026-04-21-23-23-20/23218__25587/n08/img/23218__25587__final__s06__combined.png,/storage/users/multicog/mehul/RealismGuidance/output/checkpoints/batch/2026-04-21-23-23-20/23218__25587/n08/img/23218__25587__final__s06.png
/storage/users/multicog/mehul/RealismGuidance/data/source/23218.jpg,/storage/users/multicog/mehul/RealismGuidance/data/target/25587.jpg,7,/storage/users/multicog/mehul/RealismGuidance/output/checkpoints/batch/2026-04-21-23-23-20/23218__25587/n08/img/23218__25587__final__s07__combined.png,/storage/users/multicog/mehul/RealismGuidance/output/checkpoints/batch/2026-04-21-23-23-20/23218__25587/n08/img/23218__25587__final__s07.png
/storage/users/multicog/mehul/RealismGuidance/data/source/07050.jpg,/storage/users/multicog/mehul/RealismGuidance/data/target/25784.jpg,0,/storage/users/multicog/mehul/RealismGuidance/output/checkpoints/batch/2026-04-21-23-23-20/07050__25784/n08/img/07050__25784__final__s00__combined.png,/storage/users/multicog/mehul/RealismGuidance/output/checkpoints/batch/2026-04-21-23-23-20/07050__25784/n08/img/07050__25784__final__s00.png
/storage/users/multicog/mehul/RealismGuidance/data/source/07050.jpg,/storage/users/multicog/mehul/RealismGuidance/data/target/25784.jpg,1,/storage/users/multicog/mehul/RealismGuidance/output/checkpoints/batch/2026-04-21-23-23-20/07050__25784/n08/img/07050__25784__final__s01__combined.png,/storage/users/multicog/mehul/RealismGuidance/output/checkpoints/batch/2026-04-21-23-23-20/07050__25784/n08/img/07050__25784__final__s01.png
/storage/users/multicog/mehul/RealismGuidance/data/source/07050.jpg,/storage/users/multicog/mehul/RealismGuidance/data/target/25784.jpg,2,/storage/users/multicog/mehul/RealismGuidance/output/checkpoints/batch/2026-04-21-23-23-20/07050__25784/n08/img/07050__25784__final__s02__combined.png,/storage/users/multicog/mehul/RealismGuidance/output/checkpoints/batch/2026-04-21-23-23-20/07050__25784/n08/img/07050__25784__final__s02.png
/storage/users/multicog/mehul/RealismGuidance/data/source/07050.jpg,/storage/users/multicog/mehul/RealismGuidance/data/target/25784.jpg,3,/storage/users/multicog/mehul/RealismGuidance/output/checkpoints/batch/2026-04-21-23-23-20/07050__25784/n08/img/07050__25784__final__s03__combined.png,/storage/users/multicog/mehul/RealismGuidance/output/checkpoints/batch/2026-04-21-23-23-20/07050__25784/n08/img/07050__25784__final__s03.png
/storage/users/multicog/mehul/RealismGuidance/data/source/07050.jpg,/storage/users/multicog/mehul/RealismGuidance/data/target/25784.jpg,4,/storage/users/multicog/mehul/RealismGuidance/output/checkpoints/batch/2026-04-21-23-23-20/07050__25784/n08/img/07050__25784__final__s04__combined.png,/storage/users/multicog/mehul/RealismGuidance/output/checkpoints/batch/2026-04-21-23-23-20/07050__25784/n08/img/07050__25784__final__s04.png
/storage/users/multicog/mehul/RealismGuidance/data/source/07050.jpg,/storage/users/multicog/mehul/RealismGuidance/data/target/25784.jpg,5,/storage/users/multicog/mehul/RealismGuidance/output/checkpoints/batch/2026-04-21-23-23-20/07050__25784/n08/img/07050__25784__final__s05__combined.png,/storage/users/multicog/mehul/RealismGuidance/output/checkpoints/batch/2026-04-21-23-23-20/07050__25784/n08/img/07050__25784__final__s05.png
/storage/users/multicog/mehul/RealismGuidance/data/source/07050.jpg,/storage/users/multicog/mehul/RealismGuidance/data/target/25784.jpg,6,/storage/users/multicog/mehul/RealismGuidance/output/checkpoints/batch/2026-04-21-23-23-20/07050__25784/n08/img/07050__25784__final__s06__combined.png,/storage/users/multicog/mehul/RealismGuidance/output/checkpoints/batch/2026-04-21-23-23-20/07050__25784/n08/img/07050__25784__final__s06.png
/storage/users/multicog/mehul/RealismGuidance/data/source/07050.jpg,/storage/users/multicog/mehul/RealismGuidance/data/target/25784.jpg,7,/storage/users/multicog/mehul/RealismGuidance/output/checkpoints/batch/2026-04-21-23-23-20/07050__25784/n08/img/07050__25784__final__s07__combined.png,/storage/users/multicog/mehul/RealismGuidance/output/checkpoints/batch/2026-04-21-23-23-20/07050__25784/n08/img/07050__25784__final__s07.png
/storage/users/multicog/mehul/RealismGuidance/data/source/04630.jpg,/storage/users/multicog/mehul/RealismGuidance/data/target/17868.jpg,0,/storage/users/multicog/mehul/RealismGuidance/output/checkpoints/batch/2026-04-21-23-23-20/04630__17868/n08/img/04630__17868__final__s00__combined.png,/storage/users/multicog/mehul/RealismGuidance/output/checkpoints/batch/2026-04-21-23-23-20/04630__17868/n08/img/04630__17868__final__s00.png
/storage/users/multicog/mehul/RealismGuidance/data/source/04630.jpg,/storage/users/multicog/mehul/RealismGuidance/data/target/17868.jpg,1,/storage/users/multicog/mehul/RealismGuidance/output/checkpoints/batch/2026-04-21-23-23-20/04630__17868/n08/img/04630__17868__final__s01__combined.png,/storage/users/multicog/mehul/RealismGuidance/output/checkpoints/batch/2026-04-21-23-23-20/04630__17868/n08/img/04630__17868__final__s01.png
/storage/users/multicog/mehul/RealismGuidance/data/source/04630.jpg,/storage/users/multicog/mehul/RealismGuidance/data/target/17868.jpg,2,/storage/users/multicog/mehul/RealismGuidance/output/checkpoints/batch/2026-04-21-23-23-20/04630__17868/n08/img/04630__17868__final__s02__combined.png,/storage/users/multicog/mehul/RealismGuidance/output/checkpoints/batch/2026-04-21-23-23-20/04630__17868/n08/img/04630__17868__final__s02.png
/storage/users/multicog/mehul/RealismGuidance/data/source/04630.jpg,/storage/users/multicog/mehul/RealismGuidance/data/target/17868.jpg,3,/storage/users/multicog/mehul/RealismGuidance/output/checkpoints/batch/2026-04-21-23-23-20/04630__17868/n08/img/04630__17868__final__s03__combined.png,/storage/users/multicog/mehul/RealismGuidance/output/checkpoints/batch/2026-04-21-23-23-20/04630__17868/n08/img/04630__17868__final__s03.png
/storage/users/multicog/mehul/RealismGuidance/data/source/04630.jpg,/storage/users/multicog/mehul/RealismGuidance/data/target/17868.jpg,4,/storage/users/multicog/mehul/RealismGuidance/output/checkpoints/batch/2026-04-21-23-23-20/04630__17868/n08/img/04630__17868__final__s04__combined.png,/storage/users/multicog/mehul/RealismGuidance/output/checkpoints/batch/2026-04-21-23-23-20/04630__17868/n08/img/04630__17868__final__s04.png
/storage/users/multicog/mehul/RealismGuidance/data/source/04630.jpg,/storage/users/multicog/mehul/RealismGuidance/data/target/17868.jpg,5,/storage/users/multicog/mehul/RealismGuidance/output/checkpoints/batch/2026-04-21-23-23-20/04630__17868/n08/img/04630__17868__final__s05__combined.png,/storage/users/multicog/mehul/RealismGuidance/output/checkpoints/batch/2026-04-21-23-23-20/04630__17868/n08/img/04630__17868__final__s05.png
/storage/users/multicog/mehul/RealismGuidance/data/source/04630.jpg,/storage/users/multicog/mehul/RealismGuidance/data/target/17868.jpg,6,/storage/users/multicog/mehul/RealismGuidance/output/checkpoints/batch/2026-04-21-23-23-20/04630__17868/n08/img/04630__17868__final__s06__combined.png,/storage/users/multicog/mehul/RealismGuidance/output/checkpoints/batch/2026-04-21-23-23-20/04630__17868/n08/img/04630__17868__final__s06.png
/storage/users/multicog/mehul/RealismGuidance/data/source/04630.jpg,/storage/users/multicog/mehul/RealismGuidance/data/target/17868.jpg,7,/storage/users/multicog/mehul/RealismGuidance/output/checkpoints/batch/2026-04-21-23-23-20/04630__17868/n08/img/04630__17868__final__s07__combined.png,/storage/users/multicog/mehul/RealismGuidance/output/checkpoints/batch/2026-04-21-23-23-20/04630__17868/n08/img/04630__17868__final__s07.png
/storage/users/multicog/mehul/RealismGuidance/data/source/18212.jpg,/storage/users/multicog/mehul/RealismGuidance/data/target/11043.jpg,0,/storage/users/multicog/mehul/RealismGuidance/output/checkpoints/batch/2026-04-21-23-23-20/18212__11043/n08/img/18212__11043__final__s00__combined.png,/storage/users/multicog/mehul/RealismGuidance/output/checkpoints/batch/2026-04-21-23-23-20/18212__11043/n08/img/18212__11043__final__s00.png
/storage/users/multicog/mehul/RealismGuidance/data/source/18212.jpg,/storage/users/multicog/mehul/RealismGuidance/data/target/11043.jpg,1,/storage/users/multicog/mehul/RealismGuidance/output/checkpoints/batch/2026-04-21-23-23-20/18212__11043/n08/img/18212__11043__final__s01__combined.png,/storage/users/multicog/mehul/RealismGuidance/output/checkpoints/batch/2026-04-21-23-23-20/18212__11043/n08/img/18212__11043__final__s01.png
/storage/users/multicog/mehul/RealismGuidance/data/source/18212.jpg,/storage/users/multicog/mehul/RealismGuidance/data/target/11043.jpg,2,/storage/users/multicog/mehul/RealismGuidance/output/checkpoints/batch/2026-04-21-23-23-20/18212__11043/n08/img/18212__11043__final__s02__combined.png,/storage/users/multicog/mehul/RealismGuidance/output/checkpoints/batch/2026-04-21-23-23-20/18212__11043/n08/img/18212__11043__final__s02.png
/storage/users/multicog/mehul/RealismGuidance/data/source/18212.jpg,/storage/users/multicog/mehul/RealismGuidance/data/target/11043.jpg,3,/storage/users/multicog/mehul/RealismGuidance/output/checkpoints/batch/2026-04-21-23-23-20/18212__11043/n08/img/18212__11043__final__s03__combined.png,/storage/users/multicog/mehul/RealismGuidance/output/checkpoints/batch/2026-04-21-23-23-20/18212__11043/n08/img/18212__11043__final__s03.png
/storage/users/multicog/mehul/RealismGuidance/data/source/18212.jpg,/storage/users/multicog/mehul/RealismGuidance/data/target/11043.jpg,4,/storage/users/multicog/mehul/RealismGuidance/output/checkpoints/batch/2026-04-21-23-23-20/18212__11043/n08/img/18212__11043__final__s04__combined.png,/storage/users/multicog/mehul/RealismGuidance/output/checkpoints/batch/2026-04-21-23-23-20/18212__11043/n08/img/18212__11043__final__s04.png
/storage/users/multicog/mehul/RealismGuidance/data/source/18212.jpg,/storage/users/multicog/mehul/RealismGuidance/data/target/11043.jpg,5,/storage/users/multicog/mehul/RealismGuidance/output/checkpoints/batch/2026-04-21-23-23-20/18212__11043/n08/img/18212__11043__final__s05__combined.png,/storage/users/multicog/mehul/RealismGuidance/output/checkpoints/batch/2026-04-21-23-23-20/18212__11043/n08/img/18212__11043__final__s05.png
/storage/users/multicog/mehul/RealismGuidance/data/source/18212.jpg,/storage/users/multicog/mehul/RealismGuidance/data/target/11043.jpg,6,/storage/users/multicog/mehul/RealismGuidance/output/checkpoints/batch/2026-04-21-23-23-20/18212__11043/n08/img/18212__11043__final__s06__combined.png,/storage/users/multicog/mehul/RealismGuidance/output/checkpoints/batch/2026-04-21-23-23-20/18212__11043/n08/img/18212__11043__final__s06.png
/storage/users/multicog/mehul/RealismGuidance/data/source/18212.jpg,/storage/users/multicog/mehul/RealismGuidance/data/target/11043.jpg,7,/storage/users/multicog/mehul/RealismGuidance/output/checkpoints/batch/2026-04-21-23-23-20/18212__11043/n08/img/18212__11043__final__s07__combined.png,/storage/users/multicog/mehul/RealismGuidance/output/checkpoints/batch/2026-04-21-23-23-20/18212__11043/n08/img/18212__11043__final__s07.png
/storage/users/multicog/mehul/RealismGuidance/data/source/14305.jpg,/storage/users/multicog/mehul/RealismGuidance/data/target/12556.jpg,0,/storage/users/multicog/mehul/RealismGuidance/output/checkpoints/batch/2026-04-21-23-23-20/14305__12556/n08/img/14305__12556__final__s00__combined.png,/storage/users/multicog/mehul/RealismGuidance/output/checkpoints/batch/2026-04-21-23-23-20/14305__12556/n08/img/14305__12556__final__s00.png
/storage/users/multicog/mehul/RealismGuidance/data/source/14305.jpg,/storage/users/multicog/mehul/RealismGuidance/data/target/12556.jpg,1,/storage/users/multicog/mehul/RealismGuidance/output/checkpoints/batch/2026-04-21-23-23-20/14305__12556/n08/img/14305__12556__final__s01__combined.png,/storage/users/multicog/mehul/RealismGuidance/output/checkpoints/batch/2026-04-21-23-23-20/14305__12556/n08/img/14305__12556__final__s01.png
/storage/users/multicog/mehul/RealismGuidance/data/source/14305.jpg,/storage/users/multicog/mehul/RealismGuidance/data/target/12556.jpg,2,/storage/users/multicog/mehul/RealismGuidance/output/checkpoints/batch/2026-04-21-23-23-20/14305__12556/n08/img/14305__12556__final__s02__combined.png,/storage/users/multicog/mehul/RealismGuidance/output/checkpoints/batch/2026-04-21-23-23-20/14305__12556/n08/img/14305__12556__final__s02.png
/storage/users/multicog/mehul/RealismGuidance/data/source/14305.jpg,/storage/users/multicog/mehul/RealismGuidance/data/target/12556.jpg,3,/storage/users/multicog/mehul/RealismGuidance/output/checkpoints/batch/2026-04-21-23-23-20/14305__12556/n08/img/14305__12556__final__s03__combined.png,/storage/users/multicog/mehul/RealismGuidance/output/checkpoints/batch/2026-04-21-23-23-20/14305__12556/n08/img/14305__12556__final__s03.png
/storage/users/multicog/mehul/RealismGuidance/data/source/14305.jpg,/storage/users/multicog/mehul/RealismGuidance/data/target/12556.jpg,4,/storage/users/multicog/mehul/RealismGuidance/output/checkpoints/batch/2026-04-21-23-23-20/14305__12556/n08/img/14305__12556__final__s04__combined.png,/storage/users/multicog/mehul/RealismGuidance/output/checkpoints/batch/2026-04-21-23-23-20/14305__12556/n08/img/14305__12556__final__s04.png
/storage/users/multicog/mehul/RealismGuidance/data/source/14305.jpg,/storage/users/multicog/mehul/RealismGuidance/data/target/12556.jpg,5,/storage/users/multicog/mehul/RealismGuidance/output/checkpoints/batch/2026-04-21-23-23-20/14305__12556/n08/img/14305__12556__final__s05__combined.png,/storage/users/multicog/mehul/RealismGuidance/output/checkpoints/batch/2026-04-21-23-23-20/14305__12556/n08/img/14305__12556__final__s05.png
/storage/users/multicog/mehul/RealismGuidance/data/source/14305.jpg,/storage/users/multicog/mehul/RealismGuidance/data/target/12556.jpg,6,/storage/users/multicog/mehul/RealismGuidance/output/checkpoints/batch/2026-04-21-23-23-20/14305__12556/n08/img/14305__12556__final__s06__combined.png,/storage/users/multicog/mehul/RealismGuidance/output/checkpoints/batch/2026-04-21-23-23-20/14305__12556/n08/img/14305__12556__final__s06.png
/storage/users/multicog/mehul/RealismGuidance/data/source/14305.jpg,/storage/users/multicog/mehul/RealismGuidance/data/target/12556.jpg,7,/storage/users/multicog/mehul/RealismGuidance/output/checkpoints/batch/2026-04-21-23-23-20/14305__12556/n08/img/14305__12556__final__s07__combined.png,/storage/users/multicog/mehul/RealismGuidance/output/checkpoints/batch/2026-04-21-23-23-20/14305__12556/n08/img/14305__12556__final__s07.png
/storage/users/multicog/mehul/RealismGuidance/data/source/12694.jpg,/storage/users/multicog/mehul/RealismGuidance/data/target/09100.jpg,0,/storage/users/multicog/mehul/RealismGuidance/output/checkpoints/batch/2026-04-21-23-23-20/12694__09100/n08/img/12694__09100__final__s00__combined.png,/storage/users/multicog/mehul/RealismGuidance/output/checkpoints/batch/2026-04-21-23-23-20/12694__09100/n08/img/12694__09100__final__s00.png
/storage/users/multicog/mehul/RealismGuidance/data/source/12694.jpg,/storage/users/multicog/mehul/RealismGuidance/data/target/09100.jpg,1,/storage/users/multicog/mehul/RealismGuidance/output/checkpoints/batch/2026-04-21-23-23-20/12694__09100/n08/img/12694__09100__final__s01__combined.png,/storage/users/multicog/mehul/RealismGuidance/output/checkpoints/batch/2026-04-21-23-23-20/12694__09100/n08/img/12694__09100__final__s01.png
/storage/users/multicog/mehul/RealismGuidance/data/source/12694.jpg,/storage/users/multicog/mehul/RealismGuidance/data/target/09100.jpg,2,/storage/users/multicog/mehul/RealismGuidance/output/checkpoints/batch/2026-04-21-23-23-20/12694__09100/n08/img/12694__09100__final__s02__combined.png,/storage/users/multicog/mehul/RealismGuidance/output/checkpoints/batch/2026-04-21-23-23-20/12694__09100/n08/img/12694__09100__final__s02.png
/storage/users/multicog/mehul/RealismGuidance/data/source/12694.jpg,/storage/users/multicog/mehul/RealismGuidance/data/target/09100.jpg,3,/storage/users/multicog/mehul/RealismGuidance/output/checkpoints/batch/2026-04-21-23-23-20/12694__09100/n08/img/12694__09100__final__s03__combined.png,/storage/users/multicog/mehul/RealismGuidance/output/checkpoints/batch/2026-04-21-23-23-20/12694__09100/n08/img/12694__09100__final__s03.png
/storage/users/multicog/mehul/RealismGuidance/data/source/12694.jpg,/storage/users/multicog/mehul/RealismGuidance/data/target/09100.jpg,4,/storage/users/multicog/mehul/RealismGuidance/output/checkpoints/batch/2026-04-21-23-23-20/12694__09100/n08/img/12694__09100__final__s04__combined.png,/storage/users/multicog/mehul/RealismGuidance/output/checkpoints/batch/2026-04-21-23-23-20/12694__09100/n08/img/12694__09100__final__s04.png
/storage/users/multicog/mehul/RealismGuidance/data/source/12694.jpg,/storage/users/multicog/mehul/RealismGuidance/data/target/09100.jpg,5,/storage/users/multicog/mehul/RealismGuidance/output/checkpoints/batch/2026-04-21-23-23-20/12694__09100/n08/img/12694__09100__final__s05__combined.png,/storage/users/multicog/mehul/RealismGuidance/output/checkpoints/batch/2026-04-21-23-23-20/12694__09100/n08/img/12694__09100__final__s05.png
/storage/users/multicog/mehul/RealismGuidance/data/source/12694.jpg,/storage/users/multicog/mehul/RealismGuidance/data/target/09100.jpg,6,/storage/users/multicog/mehul/RealismGuidance/output/checkpoints/batch/2026-04-21-23-23-20/12694__09100/n08/img/12694__09100__final__s06__combined.png,/storage/users/multicog/mehul/RealismGuidance/output/checkpoints/batch/2026-04-21-23-23-20/12694__09100/n08/img/12694__09100__final__s06.png
/storage/users/multicog/mehul/RealismGuidance/data/source/12694.jpg,/storage/users/multicog/mehul/RealismGuidance/data/target/09100.jpg,7,/storage/users/multicog/mehul/RealismGuidance/output/checkpoints/batch/2026-04-21-23-23-20/12694__09100/n08/img/12694__09100__final__s07__combined.png,/storage/users/multicog/mehul/RealismGuidance/output/checkpoints/batch/2026-04-21-23-23-20/12694__09100/n08/img/12694__09100__final__s07.png
/storage/users/multicog/mehul/RealismGuidance/data/source/25381.jpg,/storage/users/multicog/mehul/RealismGuidance/data/target/12957.jpg,0,/storage/users/multicog/mehul/RealismGuidance/output/checkpoints/batch/2026-04-21-23-23-20/25381__12957/n08/img/25381__12957__final__s00__combined.png,/storage/users/multicog/mehul/RealismGuidance/output/checkpoints/batch/2026-04-21-23-23-20/25381__12957/n08/img/25381__12957__final__s00.png
/storage/users/multicog/mehul/RealismGuidance/data/source/25381.jpg,/storage/users/multicog/mehul/RealismGuidance/data/target/12957.jpg,1,/storage/users/multicog/mehul/RealismGuidance/output/checkpoints/batch/2026-04-21-23-23-20/25381__12957/n08/img/25381__12957__final__s01__combined.png,/storage/users/multicog/mehul/RealismGuidance/output/checkpoints/batch/2026-04-21-23-23-20/25381__12957/n08/img/25381__12957__final__s01.png
/storage/users/multicog/mehul/RealismGuidance/data/source/25381.jpg,/storage/users/multicog/mehul/RealismGuidance/data/target/12957.jpg,2,/storage/users/multicog/mehul/RealismGuidance/output/checkpoints/batch/2026-04-21-23-23-20/25381__12957/n08/img/25381__12957__final__s02__combined.png,/storage/users/multicog/mehul/RealismGuidance/output/checkpoints/batch/2026-04-21-23-23-20/25381__12957/n08/img/25381__12957__final__s02.png
/storage/users/multicog/mehul/RealismGuidance/data/source/25381.jpg,/storage/users/multicog/mehul/RealismGuidance/data/target/12957.jpg,3,/storage/users/multicog/mehul/RealismGuidance/output/checkpoints/batch/2026-04-21-23-23-20/25381__12957/n08/img/25381__12957__final__s03__combined.png,/storage/users/multicog/mehul/RealismGuidance/output/checkpoints/batch/2026-04-21-23-23-20/25381__12957/n08/img/25381__12957__final__s03.png
/storage/users/multicog/mehul/RealismGuidance/data/source/25381.jpg,/storage/users/multicog/mehul/RealismGuidance/data/target/12957.jpg,4,/storage/users/multicog/mehul/RealismGuidance/output/checkpoints/batch/2026-04-21-23-23-20/25381__12957/n08/img/25381__12957__final__s04__combined.png,/storage/users/multicog/mehul/RealismGuidance/output/checkpoints/batch/2026-04-21-23-23-20/25381__12957/n08/img/25381__12957__final__s04.png
/storage/users/multicog/mehul/RealismGuidance/data/source/25381.jpg,/storage/users/multicog/mehul/RealismGuidance/data/target/12957.jpg,5,/storage/users/multicog/mehul/RealismGuidance/output/checkpoints/batch/2026-04-21-23-23-20/25381__12957/n08/img/25381__12957__final__s05__combined.png,/storage/users/multicog/mehul/RealismGuidance/output/checkpoints/batch/2026-04-21-23-23-20/25381__12957/n08/img/25381__12957__final__s05.png
/storage/users/multicog/mehul/RealismGuidance/data/source/25381.jpg,/storage/users/multicog/mehul/RealismGuidance/data/target/12957.jpg,6,/storage/users/multicog/mehul/RealismGuidance/output/checkpoints/batch/2026-04-21-23-23-20/25381__12957/n08/img/25381__12957__final__s06__combined.png,/storage/users/multicog/mehul/RealismGuidance/output/checkpoints/batch/2026-04-21-23-23-20/25381__12957/n08/img/25381__12957__final__s06.png
/storage/users/multicog/mehul/RealismGuidance/data/source/25381.jpg,/storage/users/multicog/mehul/RealismGuidance/data/target/12957.jpg,7,/storage/users/multicog/mehul/RealismGuidance/output/checkpoints/batch/2026-04-21-23-23-20/25381__12957/n08/img/25381__12957__final__s07__combined.png,/storage/users/multicog/mehul/RealismGuidance/output/checkpoints/batch/2026-04-21-23-23-20/25381__12957/n08/img/25381__12957__final__s07.png
/storage/users/multicog/mehul/RealismGuidance/data/source/17607.jpg,/storage/users/multicog/mehul/RealismGuidance/data/target/10213.jpg,0,/storage/users/multicog/mehul/RealismGuidance/output/checkpoints/batch/2026-04-21-23-23-20/17607__10213/n08/img/17607__10213__final__s00__combined.png,/storage/users/multicog/mehul/RealismGuidance/output/checkpoints/batch/2026-04-21-23-23-20/17607__10213/n08/img/17607__10213__final__s00.png
/storage/users/multicog/mehul/RealismGuidance/data/source/17607.jpg,/storage/users/multicog/mehul/RealismGuidance/data/target/10213.jpg,1,/storage/users/multicog/mehul/RealismGuidance/output/checkpoints/batch/2026-04-21-23-23-20/17607__10213/n08/img/17607__10213__final__s01__combined.png,/storage/users/multicog/mehul/RealismGuidance/output/checkpoints/batch/2026-04-21-23-23-20/17607__10213/n08/img/17607__10213__final__s01.png
/storage/users/multicog/mehul/RealismGuidance/data/source/17607.jpg,/storage/users/multicog/mehul/RealismGuidance/data/target/10213.jpg,2,/storage/users/multicog/mehul/RealismGuidance/output/checkpoints/batch/2026-04-21-23-23-20/17607__10213/n08/img/17607__10213__final__s02__combined.png,/storage/users/multicog/mehul/RealismGuidance/output/checkpoints/batch/2026-04-21-23-23-20/17607__10213/n08/img/17607__10213__final__s02.png
/storage/users/multicog/mehul/RealismGuidance/data/source/17607.jpg,/storage/users/multicog/mehul/RealismGuidance/data/target/10213.jpg,3,/storage/users/multicog/mehul/RealismGuidance/output/checkpoints/batch/2026-04-21-23-23-20/17607__10213/n08/img/17607__10213__final__s03__combined.png,/storage/users/multicog/mehul/RealismGuidance/output/checkpoints/batch/2026-04-21-23-23-20/17607__10213/n08/img/17607__10213__final__s03.png
/storage/users/multicog/mehul/RealismGuidance/data/source/17607.jpg,/storage/users/multicog/mehul/RealismGuidance/data/target/10213.jpg,4,/storage/users/multicog/mehul/RealismGuidance/output/checkpoints/batch/2026-04-21-23-23-20/17607__10213/n08/img/17607__10213__final__s04__combined.png,/storage/users/multicog/mehul/RealismGuidance/output/checkpoints/batch/2026-04-21-23-23-20/17607__10213/n08/img/17607__10213__final__s04.png
/storage/users/multicog/mehul/RealismGuidance/data/source/17607.jpg,/storage/users/multicog/mehul/RealismGuidance/data/target/10213.jpg,5,/storage/users/multicog/mehul/RealismGuidance/output/checkpoints/batch/2026-04-21-23-23-20/17607__10213/n08/img/17607__10213__final__s05__combined.png,/storage/users/multicog/mehul/RealismGuidance/output/checkpoints/batch/2026-04-21-23-23-20/17607__10213/n08/img/17607__10213__final__s05.png
/storage/users/multicog/mehul/RealismGuidance/data/source/17607.jpg,/storage/users/multicog/mehul/RealismGuidance/data/target/10213.jpg,6,/storage/users/multicog/mehul/RealismGuidance/output/checkpoints/batch/2026-04-21-23-23-20/17607__10213/n08/img/17607__10213__final__s06__combined.png,/storage/users/multicog/mehul/RealismGuidance/output/checkpoints/batch/2026-04-21-23-23-20/17607__10213/n08/img/17607__10213__final__s06.png
/storage/users/multicog/mehul/RealismGuidance/data/source/17607.jpg,/storage/users/multicog/mehul/RealismGuidance/data/target/10213.jpg,7,/storage/users/multicog/mehul/RealismGuidance/output/checkpoints/batch/2026-04-21-23-23-20/17607__10213/n08/img/17607__10213__final__s07__combined.png,/storage/users/multicog/mehul/RealismGuidance/output/checkpoints/batch/2026-04-21-23-23-20/17607__10213/n08/img/17607__10213__final__s07.png
/storage/users/multicog/mehul/RealismGuidance/data/source/20567.jpg,/storage/users/multicog/mehul/RealismGuidance/data/target/09467.jpg,0,/storage/users/multicog/mehul/RealismGuidance/output/checkpoints/batch/2026-04-21-23-23-20/20567__09467/n08/img/20567__09467__final__s00__combined.png,/storage/users/multicog/mehul/RealismGuidance/output/checkpoints/batch/2026-04-21-23-23-20/20567__09467/n08/img/20567__09467__final__s00.png
/storage/users/multicog/mehul/RealismGuidance/data/source/20567.jpg,/storage/users/multicog/mehul/RealismGuidance/data/target/09467.jpg,1,/storage/users/multicog/mehul/RealismGuidance/output/checkpoints/batch/2026-04-21-23-23-20/20567__09467/n08/img/20567__09467__final__s01__combined.png,/storage/users/multicog/mehul/RealismGuidance/output/checkpoints/batch/2026-04-21-23-23-20/20567__09467/n08/img/20567__09467__final__s01.png
/storage/users/multicog/mehul/RealismGuidance/data/source/20567.jpg,/storage/users/multicog/mehul/RealismGuidance/data/target/09467.jpg,2,/storage/users/multicog/mehul/RealismGuidance/output/checkpoints/batch/2026-04-21-23-23-20/20567__09467/n08/img/20567__09467__final__s02__combined.png,/storage/users/multicog/mehul/RealismGuidance/output/checkpoints/batch/2026-04-21-23-23-20/20567__09467/n08/img/20567__09467__final__s02.png
/storage/users/multicog/mehul/RealismGuidance/data/source/20567.jpg,/storage/users/multicog/mehul/RealismGuidance/data/target/09467.jpg,3,/storage/users/multicog/mehul/RealismGuidance/output/checkpoints/batch/2026-04-21-23-23-20/20567__09467/n08/img/20567__09467__final__s03__combined.png,/storage/users/multicog/mehul/RealismGuidance/output/checkpoints/batch/2026-04-21-23-23-20/20567__09467/n08/img/20567__09467__final__s03.png
/storage/users/multicog/mehul/RealismGuidance/data/source/20567.jpg,/storage/users/multicog/mehul/RealismGuidance/data/target/09467.jpg,4,/storage/users/multicog/mehul/RealismGuidance/output/checkpoints/batch/2026-04-21-23-23-20/20567__09467/n08/img/20567__09467__final__s04__combined.png,/storage/users/multicog/mehul/RealismGuidance/output/checkpoints/batch/2026-04-21-23-23-20/20567__09467/n08/img/20567__09467__final__s04.png
/storage/users/multicog/mehul/RealismGuidance/data/source/20567.jpg,/storage/users/multicog/mehul/RealismGuidance/data/target/09467.jpg,5,/storage/users/multicog/mehul/RealismGuidance/output/checkpoints/batch/2026-04-21-23-23-20/20567__09467/n08/img/20567__09467__final__s05__combined.png,/storage/users/multicog/mehul/RealismGuidance/output/checkpoints/batch/2026-04-21-23-23-20/20567__09467/n08/img/20567__09467__final__s05.png
/storage/users/multicog/mehul/RealismGuidance/data/source/20567.jpg,/storage/users/multicog/mehul/RealismGuidance/data/target/09467.jpg,6,/storage/users/multicog/mehul/RealismGuidance/output/checkpoints/batch/2026-04-21-23-23-20/20567__09467/n08/img/20567__09467__final__s06__combined.png,/storage/users/multicog/mehul/RealismGuidance/output/checkpoints/batch/2026-04-21-23-23-20/20567__09467/n08/img/20567__09467__final__s06.png
/storage/users/multicog/mehul/RealismGuidance/data/source/20567.jpg,/storage/users/multicog/mehul/RealismGuidance/data/target/09467.jpg,7,/storage/users/multicog/mehul/RealismGuidance/output/checkpoints/batch/2026-04-21-23-23-20/20567__09467/n08/img/20567__09467__final__s07__combined.png,/storage/users/multicog/mehul/RealismGuidance/output/checkpoints/batch/2026-04-21-23-23-20/20567__09467/n08/img/20567__09467__final__s07.png
/storage/users/multicog/mehul/RealismGuidance/data/source/00683.jpg,/storage/users/multicog/mehul/RealismGuidance/data/target/07722.jpg,0,/storage/users/multicog/mehul/RealismGuidance/output/checkpoints/batch/2026-04-21-23-23-20/00683__07722/n08/img/00683__07722__final__s00__combined.png,/storage/users/multicog/mehul/RealismGuidance/output/checkpoints/batch/2026-04-21-23-23-20/00683__07722/n08/img/00683__07722__final__s00.png
/storage/users/multicog/mehul/RealismGuidance/data/source/00683.jpg,/storage/users/multicog/mehul/RealismGuidance/data/target/07722.jpg,1,/storage/users/multicog/mehul/RealismGuidance/output/checkpoints/batch/2026-04-21-23-23-20/00683__07722/n08/img/00683__07722__final__s01__combined.png,/storage/users/multicog/mehul/RealismGuidance/output/checkpoints/batch/2026-04-21-23-23-20/00683__07722/n08/img/00683__07722__final__s01.png
/storage/users/multicog/mehul/RealismGuidance/data/source/00683.jpg,/storage/users/multicog/mehul/RealismGuidance/data/target/07722.jpg,2,/storage/users/multicog/mehul/RealismGuidance/output/checkpoints/batch/2026-04-21-23-23-20/00683__07722/n08/img/00683__07722__final__s02__combined.png,/storage/users/multicog/mehul/RealismGuidance/output/checkpoints/batch/2026-04-21-23-23-20/00683__07722/n08/img/00683__07722__final__s02.png
/storage/users/multicog/mehul/RealismGuidance/data/source/00683.jpg,/storage/users/multicog/mehul/RealismGuidance/data/target/07722.jpg,3,/storage/users/multicog/mehul/RealismGuidance/output/checkpoints/batch/2026-04-21-23-23-20/00683__07722/n08/img/00683__07722__final__s03__combined.png,/storage/users/multicog/mehul/RealismGuidance/output/checkpoints/batch/2026-04-21-23-23-20/00683__07722/n08/img/00683__07722__final__s03.png
/storage/users/multicog/mehul/RealismGuidance/data/source/00683.jpg,/storage/users/multicog/mehul/RealismGuidance/data/target/07722.jpg,4,/storage/users/multicog/mehul/RealismGuidance/output/checkpoints/batch/2026-04-21-23-23-20/00683__07722/n08/img/00683__07722__final__s04__combined.png,/storage/users/multicog/mehul/RealismGuidance/output/checkpoints/batch/2026-04-21-23-23-20/00683__07722/n08/img/00683__07722__final__s04.png
/storage/users/multicog/mehul/RealismGuidance/data/source/00683.jpg,/storage/users/multicog/mehul/RealismGuidance/data/target/07722.jpg,5,/storage/users/multicog/mehul/RealismGuidance/output/checkpoints/batch/2026-04-21-23-23-20/00683__07722/n08/img/00683__07722__final__s05__combined.png,/storage/users/multicog/mehul/RealismGuidance/output/checkpoints/batch/2026-04-21-23-23-20/00683__07722/n08/img/00683__07722__final__s05.png
/storage/users/multicog/mehul/RealismGuidance/data/source/00683.jpg,/storage/users/multicog/mehul/RealismGuidance/data/target/07722.jpg,6,/storage/users/multicog/mehul/RealismGuidance/output/checkpoints/batch/2026-04-21-23-23-20/00683__07722/n08/img/00683__07722__final__s06__combined.png,/storage/users/multicog/mehul/RealismGuidance/output/checkpoints/batch/2026-04-21-23-23-20/00683__07722/n08/img/00683__07722__final__s06.png
/storage/users/multicog/mehul/RealismGuidance/data/source/00683.jpg,/storage/users/multicog/mehul/RealismGuidance/data/target/07722.jpg,7,/storage/users/multicog/mehul/RealismGuidance/output/checkpoints/batch/2026-04-21-23-23-20/00683__07722/n08/img/00683__07722__final__s07__combined.png,/storage/users/multicog/mehul/RealismGuidance/output/checkpoints/batch/2026-04-21-23-23-20/00683__07722/n08/img/00683__07722__final__s07.png
/storage/users/multicog/mehul/RealismGuidance/data/source/23052.jpg,/storage/users/multicog/mehul/RealismGuidance/data/target/01772.jpg,0,/storage/users/multicog/mehul/RealismGuidance/output/checkpoints/batch/2026-04-21-23-23-20/23052__01772/n08/img/23052__01772__final__s00__combined.png,/storage/users/multicog/mehul/RealismGuidance/output/checkpoints/batch/2026-04-21-23-23-20/23052__01772/n08/img/23052__01772__final__s00.png
/storage/users/multicog/mehul/RealismGuidance/data/source/23052.jpg,/storage/users/multicog/mehul/RealismGuidance/data/target/01772.jpg,1,/storage/users/multicog/mehul/RealismGuidance/output/checkpoints/batch/2026-04-21-23-23-20/23052__01772/n08/img/23052__01772__final__s01__combined.png,/storage/users/multicog/mehul/RealismGuidance/output/checkpoints/batch/2026-04-21-23-23-20/23052__01772/n08/img/23052__01772__final__s01.png
/storage/users/multicog/mehul/RealismGuidance/data/source/23052.jpg,/storage/users/multicog/mehul/RealismGuidance/data/target/01772.jpg,2,/storage/users/multicog/mehul/RealismGuidance/output/checkpoints/batch/2026-04-21-23-23-20/23052__01772/n08/img/23052__01772__final__s02__combined.png,/storage/users/multicog/mehul/RealismGuidance/output/checkpoints/batch/2026-04-21-23-23-20/23052__01772/n08/img/23052__01772__final__s02.png
/storage/users/multicog/mehul/RealismGuidance/data/source/23052.jpg,/storage/users/multicog/mehul/RealismGuidance/data/target/01772.jpg,3,/storage/users/multicog/mehul/RealismGuidance/output/checkpoints/batch/2026-04-21-23-23-20/23052__01772/n08/img/23052__01772__final__s03__combined.png,/storage/users/multicog/mehul/RealismGuidance/output/checkpoints/batch/2026-04-21-23-23-20/23052__01772/n08/img/23052__01772__final__s03.png
/storage/users/multicog/mehul/RealismGuidance/data/source/23052.jpg,/storage/users/multicog/mehul/RealismGuidance/data/target/01772.jpg,4,/storage/users/multicog/mehul/RealismGuidance/output/checkpoints/batch/2026-04-21-23-23-20/23052__01772/n08/img/23052__01772__final__s04__combined.png,/storage/users/multicog/mehul/RealismGuidance/output/checkpoints/batch/2026-04-21-23-23-20/23052__01772/n08/img/23052__01772__final__s04.png
/storage/users/multicog/mehul/RealismGuidance/data/source/23052.jpg,/storage/users/multicog/mehul/RealismGuidance/data/target/01772.jpg,5,/storage/users/multicog/mehul/RealismGuidance/output/checkpoints/batch/2026-04-21-23-23-20/23052__01772/n08/img/23052__01772__final__s05__combined.png,/storage/users/multicog/mehul/RealismGuidance/output/checkpoints/batch/2026-04-21-23-23-20/23052__01772/n08/img/23052__01772__final__s05.png
/storage/users/multicog/mehul/RealismGuidance/data/source/23052.jpg,/storage/users/multicog/mehul/RealismGuidance/data/target/01772.jpg,6,/storage/users/multicog/mehul/RealismGuidance/output/checkpoints/batch/2026-04-21-23-23-20/23052__01772/n08/img/23052__01772__final__s06__combined.png,/storage/users/multicog/mehul/RealismGuidance/output/checkpoints/batch/2026-04-21-23-23-20/23052__01772/n08/img/23052__01772__final__s06.png
/storage/users/multicog/mehul/RealismGuidance/data/source/23052.jpg,/storage/users/multicog/mehul/RealismGuidance/data/target/01772.jpg,7,/storage/users/multicog/mehul/RealismGuidance/output/checkpoints/batch/2026-04-21-23-23-20/23052__01772/n08/img/23052__01772__final__s07__combined.png,/storage/users/multicog/mehul/RealismGuidance/output/checkpoints/batch/2026-04-21-23-23-20/23052__01772/n08/img/23052__01772__final__s07.png
/storage/users/multicog/mehul/RealismGuidance/data/source/01463.jpg,/storage/users/multicog/mehul/RealismGuidance/data/target/14078.jpg,0,/storage/users/multicog/mehul/RealismGuidance/output/checkpoints/batch/2026-04-21-23-23-20/01463__14078/n08/img/01463__14078__final__s00__combined.png,/storage/users/multicog/mehul/RealismGuidance/output/checkpoints/batch/2026-04-21-23-23-20/01463__14078/n08/img/01463__14078__final__s00.png
/storage/users/multicog/mehul/RealismGuidance/data/source/01463.jpg,/storage/users/multicog/mehul/RealismGuidance/data/target/14078.jpg,1,/storage/users/multicog/mehul/RealismGuidance/output/checkpoints/batch/2026-04-21-23-23-20/01463__14078/n08/img/01463__14078__final__s01__combined.png,/storage/users/multicog/mehul/RealismGuidance/output/checkpoints/batch/2026-04-21-23-23-20/01463__14078/n08/img/01463__14078__final__s01.png
/storage/users/multicog/mehul/RealismGuidance/data/source/01463.jpg,/storage/users/multicog/mehul/RealismGuidance/data/target/14078.jpg,2,/storage/users/multicog/mehul/RealismGuidance/output/checkpoints/batch/2026-04-21-23-23-20/01463__14078/n08/img/01463__14078__final__s02__combined.png,/storage/users/multicog/mehul/RealismGuidance/output/checkpoints/batch/2026-04-21-23-23-20/01463__14078/n08/img/01463__14078__final__s02.png
/storage/users/multicog/mehul/RealismGuidance/data/source/01463.jpg,/storage/users/multicog/mehul/RealismGuidance/data/target/14078.jpg,3,/storage/users/multicog/mehul/RealismGuidance/output/checkpoints/batch/2026-04-21-23-23-20/01463__14078/n08/img/01463__14078__final__s03__combined.png,/storage/users/multicog/mehul/RealismGuidance/output/checkpoints/batch/2026-04-21-23-23-20/01463__14078/n08/img/01463__14078__final__s03.png
/storage/users/multicog/mehul/RealismGuidance/data/source/01463.jpg,/storage/users/multicog/mehul/RealismGuidance/data/target/14078.jpg,4,/storage/users/multicog/mehul/RealismGuidance/output/checkpoints/batch/2026-04-21-23-23-20/01463__14078/n08/img/01463__14078__final__s04__combined.png,/storage/users/multicog/mehul/RealismGuidance/output/checkpoints/batch/2026-04-21-23-23-20/01463__14078/n08/img/01463__14078__final__s04.png
/storage/users/multicog/mehul/RealismGuidance/data/source/01463.jpg,/storage/users/multicog/mehul/RealismGuidance/data/target/14078.jpg,5,/storage/users/multicog/mehul/RealismGuidance/output/checkpoints/batch/2026-04-21-23-23-20/01463__14078/n08/img/01463__14078__final__s05__combined.png,/storage/users/multicog/mehul/RealismGuidance/output/checkpoints/batch/2026-04-21-23-23-20/01463__14078/n08/img/01463__14078__final__s05.png
/storage/users/multicog/mehul/RealismGuidance/data/source/01463.jpg,/storage/users/multicog/mehul/RealismGuidance/data/target/14078.jpg,6,/storage/users/multicog/mehul/RealismGuidance/output/checkpoints/batch/2026-04-21-23-23-20/01463__14078/n08/img/01463__14078__final__s06__combined.png,/storage/users/multicog/mehul/RealismGuidance/output/checkpoints/batch/2026-04-21-23-23-20/01463__14078/n08/img/01463__14078__final__s06.png
/storage/users/multicog/mehul/RealismGuidance/data/source/01463.jpg,/storage/users/multicog/mehul/RealismGuidance/data/target/14078.jpg,7,/storage/users/multicog/mehul/RealismGuidance/output/checkpoints/batch/2026-04-21-23-23-20/01463__14078/n08/img/01463__14078__final__s07__combined.png,/storage/users/multicog/mehul/RealismGuidance/output/checkpoints/batch/2026-04-21-23-23-20/01463__14078/n08/img/01463__14078__final__s07.png
/storage/users/multicog/mehul/RealismGuidance/data/source/25613.jpg,/storage/users/multicog/mehul/RealismGuidance/data/target/13528.jpg,0,/storage/users/multicog/mehul/RealismGuidance/output/checkpoints/batch/2026-04-21-23-23-20/25613__13528/n08/img/25613__13528__final__s00__combined.png,/storage/users/multicog/mehul/RealismGuidance/output/checkpoints/batch/2026-04-21-23-23-20/25613__13528/n08/img/25613__13528__final__s00.png
/storage/users/multicog/mehul/RealismGuidance/data/source/25613.jpg,/storage/users/multicog/mehul/RealismGuidance/data/target/13528.jpg,1,/storage/users/multicog/mehul/RealismGuidance/output/checkpoints/batch/2026-04-21-23-23-20/25613__13528/n08/img/25613__13528__final__s01__combined.png,/storage/users/multicog/mehul/RealismGuidance/output/checkpoints/batch/2026-04-21-23-23-20/25613__13528/n08/img/25613__13528__final__s01.png
/storage/users/multicog/mehul/RealismGuidance/data/source/25613.jpg,/storage/users/multicog/mehul/RealismGuidance/data/target/13528.jpg,2,/storage/users/multicog/mehul/RealismGuidance/output/checkpoints/batch/2026-04-21-23-23-20/25613__13528/n08/img/25613__13528__final__s02__combined.png,/storage/users/multicog/mehul/RealismGuidance/output/checkpoints/batch/2026-04-21-23-23-20/25613__13528/n08/img/25613__13528__final__s02.png
/storage/users/multicog/mehul/RealismGuidance/data/source/25613.jpg,/storage/users/multicog/mehul/RealismGuidance/data/target/13528.jpg,3,/storage/users/multicog/mehul/RealismGuidance/output/checkpoints/batch/2026-04-21-23-23-20/25613__13528/n08/img/25613__13528__final__s03__combined.png,/storage/users/multicog/mehul/RealismGuidance/output/checkpoints/batch/2026-04-21-23-23-20/25613__13528/n08/img/25613__13528__final__s03.png
/storage/users/multicog/mehul/RealismGuidance/data/source/25613.jpg,/storage/users/multicog/mehul/RealismGuidance/data/target/13528.jpg,4,/storage/users/multicog/mehul/RealismGuidance/output/checkpoints/batch/2026-04-21-23-23-20/25613__13528/n08/img/25613__13528__final__s04__combined.png,/storage/users/multicog/mehul/RealismGuidance/output/checkpoints/batch/2026-04-21-23-23-20/25613__13528/n08/img/25613__13528__final__s04.png
/storage/users/multicog/mehul/RealismGuidance/data/source/25613.jpg,/storage/users/multicog/mehul/RealismGuidance/data/target/13528.jpg,5,/storage/users/multicog/mehul/RealismGuidance/output/checkpoints/batch/2026-04-21-23-23-20/25613__13528/n08/img/25613__13528__final__s05__combined.png,/storage/users/multicog/mehul/RealismGuidance/output/checkpoints/batch/2026-04-21-23-23-20/25613__13528/n08/img/25613__13528__final__s05.png
/storage/users/multicog/mehul/RealismGuidance/data/source/25613.jpg,/storage/users/multicog/mehul/RealismGuidance/data/target/13528.jpg,6,/storage/users/multicog/mehul/RealismGuidance/output/checkpoints/batch/2026-04-21-23-23-20/25613__13528/n08/img/25613__13528__final__s06__combined.png,/storage/users/multicog/mehul/RealismGuidance/output/checkpoints/batch/2026-04-21-23-23-20/25613__13528/n08/img/25613__13528__final__s06.png
/storage/users/multicog/mehul/RealismGuidance/data/source/25613.jpg,/storage/users/multicog/mehul/RealismGuidance/data/target/13528.jpg,7,/storage/users/multicog/mehul/RealismGuidance/output/checkpoints/batch/2026-04-21-23-23-20/25613__13528/n08/img/25613__13528__final__s07__combined.png,/storage/users/multicog/mehul/RealismGuidance/output/checkpoints/batch/2026-04-21-23-23-20/25613__13528/n08/img/25613__13528__final__s07.png
/storage/users/multicog/mehul/RealismGuidance/data/source/10657.jpg,/storage/users/multicog/mehul/RealismGuidance/data/target/03526.jpg,0,/storage/users/multicog/mehul/RealismGuidance/output/checkpoints/batch/2026-04-21-23-23-20/10657__03526/n08/img/10657__03526__final__s00__combined.png,/storage/users/multicog/mehul/RealismGuidance/output/checkpoints/batch/2026-04-21-23-23-20/10657__03526/n08/img/10657__03526__final__s00.png
/storage/users/multicog/mehul/RealismGuidance/data/source/10657.jpg,/storage/users/multicog/mehul/RealismGuidance/data/target/03526.jpg,1,/storage/users/multicog/mehul/RealismGuidance/output/checkpoints/batch/2026-04-21-23-23-20/10657__03526/n08/img/10657__03526__final__s01__combined.png,/storage/users/multicog/mehul/RealismGuidance/output/checkpoints/batch/2026-04-21-23-23-20/10657__03526/n08/img/10657__03526__final__s01.png
/storage/users/multicog/mehul/RealismGuidance/data/source/10657.jpg,/storage/users/multicog/mehul/RealismGuidance/data/target/03526.jpg,2,/storage/users/multicog/mehul/RealismGuidance/output/checkpoints/batch/2026-04-21-23-23-20/10657__03526/n08/img/10657__03526__final__s02__combined.png,/storage/users/multicog/mehul/RealismGuidance/output/checkpoints/batch/2026-04-21-23-23-20/10657__03526/n08/img/10657__03526__final__s02.png
/storage/users/multicog/mehul/RealismGuidance/data/source/10657.jpg,/storage/users/multicog/mehul/RealismGuidance/data/target/03526.jpg,3,/storage/users/multicog/mehul/RealismGuidance/output/checkpoints/batch/2026-04-21-23-23-20/10657__03526/n08/img/10657__03526__final__s03__combined.png,/storage/users/multicog/mehul/RealismGuidance/output/checkpoints/batch/2026-04-21-23-23-20/10657__03526/n08/img/10657__03526__final__s03.png
/storage/users/multicog/mehul/RealismGuidance/data/source/10657.jpg,/storage/users/multicog/mehul/RealismGuidance/data/target/03526.jpg,4,/storage/users/multicog/mehul/RealismGuidance/output/checkpoints/batch/2026-04-21-23-23-20/10657__03526/n08/img/10657__03526__final__s04__combined.png,/storage/users/multicog/mehul/RealismGuidance/output/checkpoints/batch/2026-04-21-23-23-20/10657__03526/n08/img/10657__03526__final__s04.png
/storage/users/multicog/mehul/RealismGuidance/data/source/10657.jpg,/storage/users/multicog/mehul/RealismGuidance/data/target/03526.jpg,5,/storage/users/multicog/mehul/RealismGuidance/output/checkpoints/batch/2026-04-21-23-23-20/10657__03526/n08/img/10657__03526__final__s05__combined.png,/storage/users/multicog/mehul/RealismGuidance/output/checkpoints/batch/2026-04-21-23-23-20/10657__03526/n08/img/10657__03526__final__s05.png
/storage/users/multicog/mehul/RealismGuidance/data/source/10657.jpg,/storage/users/multicog/mehul/RealismGuidance/data/target/03526.jpg,6,/storage/users/multicog/mehul/RealismGuidance/output/checkpoints/batch/2026-04-21-23-23-20/10657__03526/n08/img/10657__03526__final__s06__combined.png,/storage/users/multicog/mehul/RealismGuidance/output/checkpoints/batch/2026-04-21-23-23-20/10657__03526/n08/img/10657__03526__final__s06.png
/storage/users/multicog/mehul/RealismGuidance/data/source/10657.jpg,/storage/users/multicog/mehul/RealismGuidance/data/target/03526.jpg,7,/storage/users/multicog/mehul/RealismGuidance/output/checkpoints/batch/2026-04-21-23-23-20/10657__03526/n08/img/10657__03526__final__s07__combined.png,/storage/users/multicog/mehul/RealismGuidance/output/checkpoints/batch/2026-04-21-23-23-20/10657__03526/n08/img/10657__03526__final__s07.png
/storage/users/multicog/mehul/RealismGuidance/data/source/24126.jpg,/storage/users/multicog/mehul/RealismGuidance/data/target/29511.jpg,0,/storage/users/multicog/mehul/RealismGuidance/output/checkpoints/batch/2026-04-21-23-23-20/24126__29511/n08/img/24126__29511__final__s00__combined.png,/storage/users/multicog/mehul/RealismGuidance/output/checkpoints/batch/2026-04-21-23-23-20/24126__29511/n08/img/24126__29511__final__s00.png
/storage/users/multicog/mehul/RealismGuidance/data/source/24126.jpg,/storage/users/multicog/mehul/RealismGuidance/data/target/29511.jpg,1,/storage/users/multicog/mehul/RealismGuidance/output/checkpoints/batch/2026-04-21-23-23-20/24126__29511/n08/img/24126__29511__final__s01__combined.png,/storage/users/multicog/mehul/RealismGuidance/output/checkpoints/batch/2026-04-21-23-23-20/24126__29511/n08/img/24126__29511__final__s01.png
/storage/users/multicog/mehul/RealismGuidance/data/source/24126.jpg,/storage/users/multicog/mehul/RealismGuidance/data/target/29511.jpg,2,/storage/users/multicog/mehul/RealismGuidance/output/checkpoints/batch/2026-04-21-23-23-20/24126__29511/n08/img/24126__29511__final__s02__combined.png,/storage/users/multicog/mehul/RealismGuidance/output/checkpoints/batch/2026-04-21-23-23-20/24126__29511/n08/img/24126__29511__final__s02.png
/storage/users/multicog/mehul/RealismGuidance/data/source/24126.jpg,/storage/users/multicog/mehul/RealismGuidance/data/target/29511.jpg,3,/storage/users/multicog/mehul/RealismGuidance/output/checkpoints/batch/2026-04-21-23-23-20/24126__29511/n08/img/24126__29511__final__s03__combined.png,/storage/users/multicog/mehul/RealismGuidance/output/checkpoints/batch/2026-04-21-23-23-20/24126__29511/n08/img/24126__29511__final__s03.png
/storage/users/multicog/mehul/RealismGuidance/data/source/24126.jpg,/storage/users/multicog/mehul/RealismGuidance/data/target/29511.jpg,4,/storage/users/multicog/mehul/RealismGuidance/output/checkpoints/batch/2026-04-21-23-23-20/24126__29511/n08/img/24126__29511__final__s04__combined.png,/storage/users/multicog/mehul/RealismGuidance/output/checkpoints/batch/2026-04-21-23-23-20/24126__29511/n08/img/24126__29511__final__s04.png
/storage/users/multicog/mehul/RealismGuidance/data/source/24126.jpg,/storage/users/multicog/mehul/RealismGuidance/data/target/29511.jpg,5,/storage/users/multicog/mehul/RealismGuidance/output/checkpoints/batch/2026-04-21-23-23-20/24126__29511/n08/img/24126__29511__final__s05__combined.png,/storage/users/multicog/mehul/RealismGuidance/output/checkpoints/batch/2026-04-21-23-23-20/24126__29511/n08/img/24126__29511__final__s05.png
/storage/users/multicog/mehul/RealismGuidance/data/source/24126.jpg,/storage/users/multicog/mehul/RealismGuidance/data/target/29511.jpg,6,/storage/users/multicog/mehul/RealismGuidance/output/checkpoints/batch/2026-04-21-23-23-20/24126__29511/n08/img/24126__29511__final__s06__combined.png,/storage/users/multicog/mehul/RealismGuidance/output/checkpoints/batch/2026-04-21-23-23-20/24126__29511/n08/img/24126__29511__final__s06.png
/storage/users/multicog/mehul/RealismGuidance/data/source/24126.jpg,/storage/users/multicog/mehul/RealismGuidance/data/target/29511.jpg,7,/storage/users/multicog/mehul/RealismGuidance/output/checkpoints/batch/2026-04-21-23-23-20/24126__29511/n08/img/24126__29511__final__s07__combined.png,/storage/users/multicog/mehul/RealismGuidance/output/checkpoints/batch/2026-04-21-23-23-20/24126__29511/n08/img/24126__29511__final__s07.png
/storage/users/multicog/mehul/RealismGuidance/data/source/02897.jpg,/storage/users/multicog/mehul/RealismGuidance/data/target/13020.jpg,0,/storage/users/multicog/mehul/RealismGuidance/output/checkpoints/batch/2026-04-21-23-23-20/02897__13020/n08/img/02897__13020__final__s00__combined.png,/storage/users/multicog/mehul/RealismGuidance/output/checkpoints/batch/2026-04-21-23-23-20/02897__13020/n08/img/02897__13020__final__s00.png
/storage/users/multicog/mehul/RealismGuidance/data/source/02897.jpg,/storage/users/multicog/mehul/RealismGuidance/data/target/13020.jpg,1,/storage/users/multicog/mehul/RealismGuidance/output/checkpoints/batch/2026-04-21-23-23-20/02897__13020/n08/img/02897__13020__final__s01__combined.png,/storage/users/multicog/mehul/RealismGuidance/output/checkpoints/batch/2026-04-21-23-23-20/02897__13020/n08/img/02897__13020__final__s01.png
/storage/users/multicog/mehul/RealismGuidance/data/source/02897.jpg,/storage/users/multicog/mehul/RealismGuidance/data/target/13020.jpg,2,/storage/users/multicog/mehul/RealismGuidance/output/checkpoints/batch/2026-04-21-23-23-20/02897__13020/n08/img/02897__13020__final__s02__combined.png,/storage/users/multicog/mehul/RealismGuidance/output/checkpoints/batch/2026-04-21-23-23-20/02897__13020/n08/img/02897__13020__final__s02.png
/storage/users/multicog/mehul/RealismGuidance/data/source/02897.jpg,/storage/users/multicog/mehul/RealismGuidance/data/target/13020.jpg,3,/storage/users/multicog/mehul/RealismGuidance/output/checkpoints/batch/2026-04-21-23-23-20/02897__13020/n08/img/02897__13020__final__s03__combined.png,/storage/users/multicog/mehul/RealismGuidance/output/checkpoints/batch/2026-04-21-23-23-20/02897__13020/n08/img/02897__13020__final__s03.png
/storage/users/multicog/mehul/RealismGuidance/data/source/02897.jpg,/storage/users/multicog/mehul/RealismGuidance/data/target/13020.jpg,4,/storage/users/multicog/mehul/RealismGuidance/output/checkpoints/batch/2026-04-21-23-23-20/02897__13020/n08/img/02897__13020__final__s04__combined.png,/storage/users/multicog/mehul/RealismGuidance/output/checkpoints/batch/2026-04-21-23-23-20/02897__13020/n08/img/02897__13020__final__s04.png
/storage/users/multicog/mehul/RealismGuidance/data/source/02897.jpg,/storage/users/multicog/mehul/RealismGuidance/data/target/13020.jpg,5,/storage/users/multicog/mehul/RealismGuidance/output/checkpoints/batch/2026-04-21-23-23-20/02897__13020/n08/img/02897__13020__final__s05__combined.png,/storage/users/multicog/mehul/RealismGuidance/output/checkpoints/batch/2026-04-21-23-23-20/02897__13020/n08/img/02897__13020__final__s05.png
/storage/users/multicog/mehul/RealismGuidance/data/source/02897.jpg,/storage/users/multicog/mehul/RealismGuidance/data/target/13020.jpg,6,/storage/users/multicog/mehul/RealismGuidance/output/checkpoints/batch/2026-04-21-23-23-20/02897__13020/n08/img/02897__13020__final__s06__combined.png,/storage/users/multicog/mehul/RealismGuidance/output/checkpoints/batch/2026-04-21-23-23-20/02897__13020/n08/img/02897__13020__final__s06.png
/storage/users/multicog/mehul/RealismGuidance/data/source/02897.jpg,/storage/users/multicog/mehul/RealismGuidance/data/target/13020.jpg,7,/storage/users/multicog/mehul/RealismGuidance/output/checkpoints/batch/2026-04-21-23-23-20/02897__13020/n08/img/02897__13020__final__s07__combined.png,/storage/users/multicog/mehul/RealismGuidance/output/checkpoints/batch/2026-04-21-23-23-20/02897__13020/n08/img/02897__13020__final__s07.png
/storage/users/multicog/mehul/RealismGuidance/data/source/03199.jpg,/storage/users/multicog/mehul/RealismGuidance/data/target/29871.jpg,0,/storage/users/multicog/mehul/RealismGuidance/output/checkpoints/batch/2026-04-21-23-23-20/03199__29871/n08/img/03199__29871__final__s00__combined.png,/storage/users/multicog/mehul/RealismGuidance/output/checkpoints/batch/2026-04-21-23-23-20/03199__29871/n08/img/03199__29871__final__s00.png
/storage/users/multicog/mehul/RealismGuidance/data/source/03199.jpg,/storage/users/multicog/mehul/RealismGuidance/data/target/29871.jpg,1,/storage/users/multicog/mehul/RealismGuidance/output/checkpoints/batch/2026-04-21-23-23-20/03199__29871/n08/img/03199__29871__final__s01__combined.png,/storage/users/multicog/mehul/RealismGuidance/output/checkpoints/batch/2026-04-21-23-23-20/03199__29871/n08/img/03199__29871__final__s01.png
/storage/users/multicog/mehul/RealismGuidance/data/source/03199.jpg,/storage/users/multicog/mehul/RealismGuidance/data/target/29871.jpg,2,/storage/users/multicog/mehul/RealismGuidance/output/checkpoints/batch/2026-04-21-23-23-20/03199__29871/n08/img/03199__29871__final__s02__combined.png,/storage/users/multicog/mehul/RealismGuidance/output/checkpoints/batch/2026-04-21-23-23-20/03199__29871/n08/img/03199__29871__final__s02.png
/storage/users/multicog/mehul/RealismGuidance/data/source/03199.jpg,/storage/users/multicog/mehul/RealismGuidance/data/target/29871.jpg,3,/storage/users/multicog/mehul/RealismGuidance/output/checkpoints/batch/2026-04-21-23-23-20/03199__29871/n08/img/03199__29871__final__s03__combined.png,/storage/users/multicog/mehul/RealismGuidance/output/checkpoints/batch/2026-04-21-23-23-20/03199__29871/n08/img/03199__29871__final__s03.png
/storage/users/multicog/mehul/RealismGuidance/data/source/03199.jpg,/storage/users/multicog/mehul/RealismGuidance/data/target/29871.jpg,4,/storage/users/multicog/mehul/RealismGuidance/output/checkpoints/batch/2026-04-21-23-23-20/03199__29871/n08/img/03199__29871__final__s04__combined.png,/storage/users/multicog/mehul/RealismGuidance/output/checkpoints/batch/2026-04-21-23-23-20/03199__29871/n08/img/03199__29871__final__s04.png
/storage/users/multicog/mehul/RealismGuidance/data/source/03199.jpg,/storage/users/multicog/mehul/RealismGuidance/data/target/29871.jpg,5,/storage/users/multicog/mehul/RealismGuidance/output/checkpoints/batch/2026-04-21-23-23-20/03199__29871/n08/img/03199__29871__final__s05__combined.png,/storage/users/multicog/mehul/RealismGuidance/output/checkpoints/batch/2026-04-21-23-23-20/03199__29871/n08/img/03199__29871__final__s05.png
/storage/users/multicog/mehul/RealismGuidance/data/source/03199.jpg,/storage/users/multicog/mehul/RealismGuidance/data/target/29871.jpg,6,/storage/users/multicog/mehul/RealismGuidance/output/checkpoints/batch/2026-04-21-23-23-20/03199__29871/n08/img/03199__29871__final__s06__combined.png,/storage/users/multicog/mehul/RealismGuidance/output/checkpoints/batch/2026-04-21-23-23-20/03199__29871/n08/img/03199__29871__final__s06.png
/storage/users/multicog/mehul/RealismGuidance/data/source/03199.jpg,/storage/users/multicog/mehul/RealismGuidance/data/target/29871.jpg,7,/storage/users/multicog/mehul/RealismGuidance/output/checkpoints/batch/2026-04-21-23-23-20/03199__29871/n08/img/03199__29871__final__s07__combined.png,/storage/users/multicog/mehul/RealismGuidance/output/checkpoints/batch/2026-04-21-23-23-20/03199__29871/n08/img/03199__29871__final__s07.png
/storage/users/multicog/mehul/RealismGuidance/data/source/22832.jpg,/storage/users/multicog/mehul/RealismGuidance/data/target/01029.jpg,0,/storage/users/multicog/mehul/RealismGuidance/output/checkpoints/batch/2026-04-21-23-23-20/22832__01029/n08/img/22832__01029__final__s00__combined.png,/storage/users/multicog/mehul/RealismGuidance/output/checkpoints/batch/2026-04-21-23-23-20/22832__01029/n08/img/22832__01029__final__s00.png
/storage/users/multicog/mehul/RealismGuidance/data/source/22832.jpg,/storage/users/multicog/mehul/RealismGuidance/data/target/01029.jpg,1,/storage/users/multicog/mehul/RealismGuidance/output/checkpoints/batch/2026-04-21-23-23-20/22832__01029/n08/img/22832__01029__final__s01__combined.png,/storage/users/multicog/mehul/RealismGuidance/output/checkpoints/batch/2026-04-21-23-23-20/22832__01029/n08/img/22832__01029__final__s01.png
/storage/users/multicog/mehul/RealismGuidance/data/source/22832.jpg,/storage/users/multicog/mehul/RealismGuidance/data/target/01029.jpg,2,/storage/users/multicog/mehul/RealismGuidance/output/checkpoints/batch/2026-04-21-23-23-20/22832__01029/n08/img/22832__01029__final__s02__combined.png,/storage/users/multicog/mehul/RealismGuidance/output/checkpoints/batch/2026-04-21-23-23-20/22832__01029/n08/img/22832__01029__final__s02.png
/storage/users/multicog/mehul/RealismGuidance/data/source/22832.jpg,/storage/users/multicog/mehul/RealismGuidance/data/target/01029.jpg,3,/storage/users/multicog/mehul/RealismGuidance/output/checkpoints/batch/2026-04-21-23-23-20/22832__01029/n08/img/22832__01029__final__s03__combined.png,/storage/users/multicog/mehul/RealismGuidance/output/checkpoints/batch/2026-04-21-23-23-20/22832__01029/n08/img/22832__01029__final__s03.png
/storage/users/multicog/mehul/RealismGuidance/data/source/22832.jpg,/storage/users/multicog/mehul/RealismGuidance/data/target/01029.jpg,4,/storage/users/multicog/mehul/RealismGuidance/output/checkpoints/batch/2026-04-21-23-23-20/22832__01029/n08/img/22832__01029__final__s04__combined.png,/storage/users/multicog/mehul/RealismGuidance/output/checkpoints/batch/2026-04-21-23-23-20/22832__01029/n08/img/22832__01029__final__s04.png
/storage/users/multicog/mehul/RealismGuidance/data/source/22832.jpg,/storage/users/multicog/mehul/RealismGuidance/data/target/01029.jpg,5,/storage/users/multicog/mehul/RealismGuidance/output/checkpoints/batch/2026-04-21-23-23-20/22832__01029/n08/img/22832__01029__final__s05__combined.png,/storage/users/multicog/mehul/RealismGuidance/output/checkpoints/batch/2026-04-21-23-23-20/22832__01029/n08/img/22832__01029__final__s05.png
/storage/users/multicog/mehul/RealismGuidance/data/source/22832.jpg,/storage/users/multicog/mehul/RealismGuidance/data/target/01029.jpg,6,/storage/users/multicog/mehul/RealismGuidance/output/checkpoints/batch/2026-04-21-23-23-20/22832__01029/n08/img/22832__01029__final__s06__combined.png,/storage/users/multicog/mehul/RealismGuidance/output/checkpoints/batch/2026-04-21-23-23-20/22832__01029/n08/img/22832__01029__final__s06.png
/storage/users/multicog/mehul/RealismGuidance/data/source/22832.jpg,/storage/users/multicog/mehul/RealismGuidance/data/target/01029.jpg,7,/storage/users/multicog/mehul/RealismGuidance/output/checkpoints/batch/2026-04-21-23-23-20/22832__01029/n08/img/22832__01029__final__s07__combined.png,/storage/users/multicog/mehul/RealismGuidance/output/checkpoints/batch/2026-04-21-23-23-20/22832__01029/n08/img/22832__01029__final__s07.png
/storage/users/multicog/mehul/RealismGuidance/data/source/17252.jpg,/storage/users/multicog/mehul/RealismGuidance/data/target/11302.jpg,0,/storage/users/multicog/mehul/RealismGuidance/output/checkpoints/batch/2026-04-21-23-23-20/17252__11302/n08/img/17252__11302__final__s00__combined.png,/storage/users/multicog/mehul/RealismGuidance/output/checkpoints/batch/2026-04-21-23-23-20/17252__11302/n08/img/17252__11302__final__s00.png
/storage/users/multicog/mehul/RealismGuidance/data/source/17252.jpg,/storage/users/multicog/mehul/RealismGuidance/data/target/11302.jpg,1,/storage/users/multicog/mehul/RealismGuidance/output/checkpoints/batch/2026-04-21-23-23-20/17252__11302/n08/img/17252__11302__final__s01__combined.png,/storage/users/multicog/mehul/RealismGuidance/output/checkpoints/batch/2026-04-21-23-23-20/17252__11302/n08/img/17252__11302__final__s01.png
/storage/users/multicog/mehul/RealismGuidance/data/source/17252.jpg,/storage/users/multicog/mehul/RealismGuidance/data/target/11302.jpg,2,/storage/users/multicog/mehul/RealismGuidance/output/checkpoints/batch/2026-04-21-23-23-20/17252__11302/n08/img/17252__11302__final__s02__combined.png,/storage/users/multicog/mehul/RealismGuidance/output/checkpoints/batch/2026-04-21-23-23-20/17252__11302/n08/img/17252__11302__final__s02.png
/storage/users/multicog/mehul/RealismGuidance/data/source/17252.jpg,/storage/users/multicog/mehul/RealismGuidance/data/target/11302.jpg,3,/storage/users/multicog/mehul/RealismGuidance/output/checkpoints/batch/2026-04-21-23-23-20/17252__11302/n08/img/17252__11302__final__s03__combined.png,/storage/users/multicog/mehul/RealismGuidance/output/checkpoints/batch/2026-04-21-23-23-20/17252__11302/n08/img/17252__11302__final__s03.png
/storage/users/multicog/mehul/RealismGuidance/data/source/17252.jpg,/storage/users/multicog/mehul/RealismGuidance/data/target/11302.jpg,4,/storage/users/multicog/mehul/RealismGuidance/output/checkpoints/batch/2026-04-21-23-23-20/17252__11302/n08/img/17252__11302__final__s04__combined.png,/storage/users/multicog/mehul/RealismGuidance/output/checkpoints/batch/2026-04-21-23-23-20/17252__11302/n08/img/17252__11302__final__s04.png
/storage/users/multicog/mehul/RealismGuidance/data/source/17252.jpg,/storage/users/multicog/mehul/RealismGuidance/data/target/11302.jpg,5,/storage/users/multicog/mehul/RealismGuidance/output/checkpoints/batch/2026-04-21-23-23-20/17252__11302/n08/img/17252__11302__final__s05__combined.png,/storage/users/multicog/mehul/RealismGuidance/output/checkpoints/batch/2026-04-21-23-23-20/17252__11302/n08/img/17252__11302__final__s05.png
/storage/users/multicog/mehul/RealismGuidance/data/source/17252.jpg,/storage/users/multicog/mehul/RealismGuidance/data/target/11302.jpg,6,/storage/users/multicog/mehul/RealismGuidance/output/checkpoints/batch/2026-04-21-23-23-20/17252__11302/n08/img/17252__11302__final__s06__combined.png,/storage/users/multicog/mehul/RealismGuidance/output/checkpoints/batch/2026-04-21-23-23-20/17252__11302/n08/img/17252__11302__final__s06.png
/storage/users/multicog/mehul/RealismGuidance/data/source/17252.jpg,/storage/users/multicog/mehul/RealismGuidance/data/target/11302.jpg,7,/storage/users/multicog/mehul/RealismGuidance/output/checkpoints/batch/2026-04-21-23-23-20/17252__11302/n08/img/17252__11302__final__s07__combined.png,/storage/users/multicog/mehul/RealismGuidance/output/checkpoints/batch/2026-04-21-23-23-20/17252__11302/n08/img/17252__11302__final__s07.png
/storage/users/multicog/mehul/RealismGuidance/data/source/28754.jpg,/storage/users/multicog/mehul/RealismGuidance/data/target/17357.jpg,0,/storage/users/multicog/mehul/RealismGuidance/output/checkpoints/batch/2026-04-21-23-23-20/28754__17357/n08/img/28754__17357__final__s00__combined.png,/storage/users/multicog/mehul/RealismGuidance/output/checkpoints/batch/2026-04-21-23-23-20/28754__17357/n08/img/28754__17357__final__s00.png
/storage/users/multicog/mehul/RealismGuidance/data/source/28754.jpg,/storage/users/multicog/mehul/RealismGuidance/data/target/17357.jpg,1,/storage/users/multicog/mehul/RealismGuidance/output/checkpoints/batch/2026-04-21-23-23-20/28754__17357/n08/img/28754__17357__final__s01__combined.png,/storage/users/multicog/mehul/RealismGuidance/output/checkpoints/batch/2026-04-21-23-23-20/28754__17357/n08/img/28754__17357__final__s01.png
/storage/users/multicog/mehul/RealismGuidance/data/source/28754.jpg,/storage/users/multicog/mehul/RealismGuidance/data/target/17357.jpg,2,/storage/users/multicog/mehul/RealismGuidance/output/checkpoints/batch/2026-04-21-23-23-20/28754__17357/n08/img/28754__17357__final__s02__combined.png,/storage/users/multicog/mehul/RealismGuidance/output/checkpoints/batch/2026-04-21-23-23-20/28754__17357/n08/img/28754__17357__final__s02.png
/storage/users/multicog/mehul/RealismGuidance/data/source/28754.jpg,/storage/users/multicog/mehul/RealismGuidance/data/target/17357.jpg,3,/storage/users/multicog/mehul/RealismGuidance/output/checkpoints/batch/2026-04-21-23-23-20/28754__17357/n08/img/28754__17357__final__s03__combined.png,/storage/users/multicog/mehul/RealismGuidance/output/checkpoints/batch/2026-04-21-23-23-20/28754__17357/n08/img/28754__17357__final__s03.png
/storage/users/multicog/mehul/RealismGuidance/data/source/28754.jpg,/storage/users/multicog/mehul/RealismGuidance/data/target/17357.jpg,4,/storage/users/multicog/mehul/RealismGuidance/output/checkpoints/batch/2026-04-21-23-23-20/28754__17357/n08/img/28754__17357__final__s04__combined.png,/storage/users/multicog/mehul/RealismGuidance/output/checkpoints/batch/2026-04-21-23-23-20/28754__17357/n08/img/28754__17357__final__s04.png
/storage/users/multicog/mehul/RealismGuidance/data/source/28754.jpg,/storage/users/multicog/mehul/RealismGuidance/data/target/17357.jpg,5,/storage/users/multicog/mehul/RealismGuidance/output/checkpoints/batch/2026-04-21-23-23-20/28754__17357/n08/img/28754__17357__final__s05__combined.png,/storage/users/multicog/mehul/RealismGuidance/output/checkpoints/batch/2026-04-21-23-23-20/28754__17357/n08/img/28754__17357__final__s05.png
/storage/users/multicog/mehul/RealismGuidance/data/source/28754.jpg,/storage/users/multicog/mehul/RealismGuidance/data/target/17357.jpg,6,/storage/users/multicog/mehul/RealismGuidance/output/checkpoints/batch/2026-04-21-23-23-20/28754__17357/n08/img/28754__17357__final__s06__combined.png,/storage/users/multicog/mehul/RealismGuidance/output/checkpoints/batch/2026-04-21-23-23-20/28754__17357/n08/img/28754__17357__final__s06.png
/storage/users/multicog/mehul/RealismGuidance/data/source/28754.jpg,/storage/users/multicog/mehul/RealismGuidance/data/target/17357.jpg,7,/storage/users/multicog/mehul/RealismGuidance/output/checkpoints/batch/2026-04-21-23-23-20/28754__17357/n08/img/28754__17357__final__s07__combined.png,/storage/users/multicog/mehul/RealismGuidance/output/checkpoints/batch/2026-04-21-23-23-20/28754__17357/n08/img/28754__17357__final__s07.png
/storage/users/multicog/mehul/RealismGuidance/data/source/19908.jpg,/storage/users/multicog/mehul/RealismGuidance/data/target/06016.jpg,0,/storage/users/multicog/mehul/RealismGuidance/output/checkpoints/batch/2026-04-21-23-23-20/19908__06016/n08/img/19908__06016__final__s00__combined.png,/storage/users/multicog/mehul/RealismGuidance/output/checkpoints/batch/2026-04-21-23-23-20/19908__06016/n08/img/19908__06016__final__s00.png
/storage/users/multicog/mehul/RealismGuidance/data/source/19908.jpg,/storage/users/multicog/mehul/RealismGuidance/data/target/06016.jpg,1,/storage/users/multicog/mehul/RealismGuidance/output/checkpoints/batch/2026-04-21-23-23-20/19908__06016/n08/img/19908__06016__final__s01__combined.png,/storage/users/multicog/mehul/RealismGuidance/output/checkpoints/batch/2026-04-21-23-23-20/19908__06016/n08/img/19908__06016__final__s01.png
/storage/users/multicog/mehul/RealismGuidance/data/source/19908.jpg,/storage/users/multicog/mehul/RealismGuidance/data/target/06016.jpg,2,/storage/users/multicog/mehul/RealismGuidance/output/checkpoints/batch/2026-04-21-23-23-20/19908__06016/n08/img/19908__06016__final__s02__combined.png,/storage/users/multicog/mehul/RealismGuidance/output/checkpoints/batch/2026-04-21-23-23-20/19908__06016/n08/img/19908__06016__final__s02.png
/storage/users/multicog/mehul/RealismGuidance/data/source/19908.jpg,/storage/users/multicog/mehul/RealismGuidance/data/target/06016.jpg,3,/storage/users/multicog/mehul/RealismGuidance/output/checkpoints/batch/2026-04-21-23-23-20/19908__06016/n08/img/19908__06016__final__s03__combined.png,/storage/users/multicog/mehul/RealismGuidance/output/checkpoints/batch/2026-04-21-23-23-20/19908__06016/n08/img/19908__06016__final__s03.png
/storage/users/multicog/mehul/RealismGuidance/data/source/19908.jpg,/storage/users/multicog/mehul/RealismGuidance/data/target/06016.jpg,4,/storage/users/multicog/mehul/RealismGuidance/output/checkpoints/batch/2026-04-21-23-23-20/19908__06016/n08/img/19908__06016__final__s04__combined.png,/storage/users/multicog/mehul/RealismGuidance/output/checkpoints/batch/2026-04-21-23-23-20/19908__06016/n08/img/19908__06016__final__s04.png
/storage/users/multicog/mehul/RealismGuidance/data/source/19908.jpg,/storage/users/multicog/mehul/RealismGuidance/data/target/06016.jpg,5,/storage/users/multicog/mehul/RealismGuidance/output/checkpoints/batch/2026-04-21-23-23-20/19908__06016/n08/img/19908__06016__final__s05__combined.png,/storage/users/multicog/mehul/RealismGuidance/output/checkpoints/batch/2026-04-21-23-23-20/19908__06016/n08/img/19908__06016__final__s05.png
/storage/users/multicog/mehul/RealismGuidance/data/source/19908.jpg,/storage/users/multicog/mehul/RealismGuidance/data/target/06016.jpg,6,/storage/users/multicog/mehul/RealismGuidance/output/checkpoints/batch/2026-04-21-23-23-20/19908__06016/n08/img/19908__06016__final__s06__combined.png,/storage/users/multicog/mehul/RealismGuidance/output/checkpoints/batch/2026-04-21-23-23-20/19908__06016/n08/img/19908__06016__final__s06.png
/storage/users/multicog/mehul/RealismGuidance/data/source/19908.jpg,/storage/users/multicog/mehul/RealismGuidance/data/target/06016.jpg,7,/storage/users/multicog/mehul/RealismGuidance/output/checkpoints/batch/2026-04-21-23-23-20/19908__06016/n08/img/19908__06016__final__s07__combined.png,/storage/users/multicog/mehul/RealismGuidance/output/checkpoints/batch/2026-04-21-23-23-20/19908__06016/n08/img/19908__06016__final__s07.png
/storage/users/multicog/mehul/RealismGuidance/data/source/02618.jpg,/storage/users/multicog/mehul/RealismGuidance/data/target/03789.jpg,0,/storage/users/multicog/mehul/RealismGuidance/output/checkpoints/batch/2026-04-21-23-23-20/02618__03789/n08/img/02618__03789__final__s00__combined.png,/storage/users/multicog/mehul/RealismGuidance/output/checkpoints/batch/2026-04-21-23-23-20/02618__03789/n08/img/02618__03789__final__s00.png
/storage/users/multicog/mehul/RealismGuidance/data/source/02618.jpg,/storage/users/multicog/mehul/RealismGuidance/data/target/03789.jpg,1,/storage/users/multicog/mehul/RealismGuidance/output/checkpoints/batch/2026-04-21-23-23-20/02618__03789/n08/img/02618__03789__final__s01__combined.png,/storage/users/multicog/mehul/RealismGuidance/output/checkpoints/batch/2026-04-21-23-23-20/02618__03789/n08/img/02618__03789__final__s01.png
/storage/users/multicog/mehul/RealismGuidance/data/source/02618.jpg,/storage/users/multicog/mehul/RealismGuidance/data/target/03789.jpg,2,/storage/users/multicog/mehul/RealismGuidance/output/checkpoints/batch/2026-04-21-23-23-20/02618__03789/n08/img/02618__03789__final__s02__combined.png,/storage/users/multicog/mehul/RealismGuidance/output/checkpoints/batch/2026-04-21-23-23-20/02618__03789/n08/img/02618__03789__final__s02.png
/storage/users/multicog/mehul/RealismGuidance/data/source/02618.jpg,/storage/users/multicog/mehul/RealismGuidance/data/target/03789.jpg,3,/storage/users/multicog/mehul/RealismGuidance/output/checkpoints/batch/2026-04-21-23-23-20/02618__03789/n08/img/02618__03789__final__s03__combined.png,/storage/users/multicog/mehul/RealismGuidance/output/checkpoints/batch/2026-04-21-23-23-20/02618__03789/n08/img/02618__03789__final__s03.png
/storage/users/multicog/mehul/RealismGuidance/data/source/02618.jpg,/storage/users/multicog/mehul/RealismGuidance/data/target/03789.jpg,4,/storage/users/multicog/mehul/RealismGuidance/output/checkpoints/batch/2026-04-21-23-23-20/02618__03789/n08/img/02618__03789__final__s04__combined.png,/storage/users/multicog/mehul/RealismGuidance/output/checkpoints/batch/2026-04-21-23-23-20/02618__03789/n08/img/02618__03789__final__s04.png
/storage/users/multicog/mehul/RealismGuidance/data/source/02618.jpg,/storage/users/multicog/mehul/RealismGuidance/data/target/03789.jpg,5,/storage/users/multicog/mehul/RealismGuidance/output/checkpoints/batch/2026-04-21-23-23-20/02618__03789/n08/img/02618__03789__final__s05__combined.png,/storage/users/multicog/mehul/RealismGuidance/output/checkpoints/batch/2026-04-21-23-23-20/02618__03789/n08/img/02618__03789__final__s05.png
/storage/users/multicog/mehul/RealismGuidance/data/source/02618.jpg,/storage/users/multicog/mehul/RealismGuidance/data/target/03789.jpg,6,/storage/users/multicog/mehul/RealismGuidance/output/checkpoints/batch/2026-04-21-23-23-20/02618__03789/n08/img/02618__03789__final__s06__combined.png,/storage/users/multicog/mehul/RealismGuidance/output/checkpoints/batch/2026-04-21-23-23-20/02618__03789/n08/img/02618__03789__final__s06.png
/storage/users/multicog/mehul/RealismGuidance/data/source/02618.jpg,/storage/users/multicog/mehul/RealismGuidance/data/target/03789.jpg,7,/storage/users/multicog/mehul/RealismGuidance/output/checkpoints/batch/2026-04-21-23-23-20/02618__03789/n08/img/02618__03789__final__s07__combined.png,/storage/users/multicog/mehul/RealismGuidance/output/checkpoints/batch/2026-04-21-23-23-20/02618__03789/n08/img/02618__03789__final__s07.png
/storage/users/multicog/mehul/RealismGuidance/data/source/20794.jpg,/storage/users/multicog/mehul/RealismGuidance/data/target/26367.jpg,0,/storage/users/multicog/mehul/RealismGuidance/output/checkpoints/batch/2026-04-21-23-23-20/20794__26367/n08/img/20794__26367__final__s00__combined.png,/storage/users/multicog/mehul/RealismGuidance/output/checkpoints/batch/2026-04-21-23-23-20/20794__26367/n08/img/20794__26367__final__s00.png
/storage/users/multicog/mehul/RealismGuidance/data/source/20794.jpg,/storage/users/multicog/mehul/RealismGuidance/data/target/26367.jpg,1,/storage/users/multicog/mehul/RealismGuidance/output/checkpoints/batch/2026-04-21-23-23-20/20794__26367/n08/img/20794__26367__final__s01__combined.png,/storage/users/multicog/mehul/RealismGuidance/output/checkpoints/batch/2026-04-21-23-23-20/20794__26367/n08/img/20794__26367__final__s01.png
/storage/users/multicog/mehul/RealismGuidance/data/source/20794.jpg,/storage/users/multicog/mehul/RealismGuidance/data/target/26367.jpg,2,/storage/users/multicog/mehul/RealismGuidance/output/checkpoints/batch/2026-04-21-23-23-20/20794__26367/n08/img/20794__26367__final__s02__combined.png,/storage/users/multicog/mehul/RealismGuidance/output/checkpoints/batch/2026-04-21-23-23-20/20794__26367/n08/img/20794__26367__final__s02.png
/storage/users/multicog/mehul/RealismGuidance/data/source/20794.jpg,/storage/users/multicog/mehul/RealismGuidance/data/target/26367.jpg,3,/storage/users/multicog/mehul/RealismGuidance/output/checkpoints/batch/2026-04-21-23-23-20/20794__26367/n08/img/20794__26367__final__s03__combined.png,/storage/users/multicog/mehul/RealismGuidance/output/checkpoints/batch/2026-04-21-23-23-20/20794__26367/n08/img/20794__26367__final__s03.png
/storage/users/multicog/mehul/RealismGuidance/data/source/20794.jpg,/storage/users/multicog/mehul/RealismGuidance/data/target/26367.jpg,4,/storage/users/multicog/mehul/RealismGuidance/output/checkpoints/batch/2026-04-21-23-23-20/20794__26367/n08/img/20794__26367__final__s04__combined.png,/storage/users/multicog/mehul/RealismGuidance/output/checkpoints/batch/2026-04-21-23-23-20/20794__26367/n08/img/20794__26367__final__s04.png
/storage/users/multicog/mehul/RealismGuidance/data/source/20794.jpg,/storage/users/multicog/mehul/RealismGuidance/data/target/26367.jpg,5,/storage/users/multicog/mehul/RealismGuidance/output/checkpoints/batch/2026-04-21-23-23-20/20794__26367/n08/img/20794__26367__final__s05__combined.png,/storage/users/multicog/mehul/RealismGuidance/output/checkpoints/batch/2026-04-21-23-23-20/20794__26367/n08/img/20794__26367__final__s05.png
/storage/users/multicog/mehul/RealismGuidance/data/source/20794.jpg,/storage/users/multicog/mehul/RealismGuidance/data/target/26367.jpg,6,/storage/users/multicog/mehul/RealismGuidance/output/checkpoints/batch/2026-04-21-23-23-20/20794__26367/n08/img/20794__26367__final__s06__combined.png,/storage/users/multicog/mehul/RealismGuidance/output/checkpoints/batch/2026-04-21-23-23-20/20794__26367/n08/img/20794__26367__final__s06.png
/storage/users/multicog/mehul/RealismGuidance/data/source/20794.jpg,/storage/users/multicog/mehul/RealismGuidance/data/target/26367.jpg,7,/storage/users/multicog/mehul/RealismGuidance/output/checkpoints/batch/2026-04-21-23-23-20/20794__26367/n08/img/20794__26367__final__s07__combined.png,/storage/users/multicog/mehul/RealismGuidance/output/checkpoints/batch/2026-04-21-23-23-20/20794__26367/n08/img/20794__26367__final__s07.png
/storage/users/multicog/mehul/RealismGuidance/data/source/19043.jpg,/storage/users/multicog/mehul/RealismGuidance/data/target/17917.jpg,0,/storage/users/multicog/mehul/RealismGuidance/output/checkpoints/batch/2026-04-21-23-23-20/19043__17917/n08/img/19043__17917__final__s00__combined.png,/storage/users/multicog/mehul/RealismGuidance/output/checkpoints/batch/2026-04-21-23-23-20/19043__17917/n08/img/19043__17917__final__s00.png
/storage/users/multicog/mehul/RealismGuidance/data/source/19043.jpg,/storage/users/multicog/mehul/RealismGuidance/data/target/17917.jpg,1,/storage/users/multicog/mehul/RealismGuidance/output/checkpoints/batch/2026-04-21-23-23-20/19043__17917/n08/img/19043__17917__final__s01__combined.png,/storage/users/multicog/mehul/RealismGuidance/output/checkpoints/batch/2026-04-21-23-23-20/19043__17917/n08/img/19043__17917__final__s01.png
/storage/users/multicog/mehul/RealismGuidance/data/source/19043.jpg,/storage/users/multicog/mehul/RealismGuidance/data/target/17917.jpg,2,/storage/users/multicog/mehul/RealismGuidance/output/checkpoints/batch/2026-04-21-23-23-20/19043__17917/n08/img/19043__17917__final__s02__combined.png,/storage/users/multicog/mehul/RealismGuidance/output/checkpoints/batch/2026-04-21-23-23-20/19043__17917/n08/img/19043__17917__final__s02.png
/storage/users/multicog/mehul/RealismGuidance/data/source/19043.jpg,/storage/users/multicog/mehul/RealismGuidance/data/target/17917.jpg,3,/storage/users/multicog/mehul/RealismGuidance/output/checkpoints/batch/2026-04-21-23-23-20/19043__17917/n08/img/19043__17917__final__s03__combined.png,/storage/users/multicog/mehul/RealismGuidance/output/checkpoints/batch/2026-04-21-23-23-20/19043__17917/n08/img/19043__17917__final__s03.png
/storage/users/multicog/mehul/RealismGuidance/data/source/19043.jpg,/storage/users/multicog/mehul/RealismGuidance/data/target/17917.jpg,4,/storage/users/multicog/mehul/RealismGuidance/output/checkpoints/batch/2026-04-21-23-23-20/19043__17917/n08/img/19043__17917__final__s04__combined.png,/storage/users/multicog/mehul/RealismGuidance/output/checkpoints/batch/2026-04-21-23-23-20/19043__17917/n08/img/19043__17917__final__s04.png
/storage/users/multicog/mehul/RealismGuidance/data/source/19043.jpg,/storage/users/multicog/mehul/RealismGuidance/data/target/17917.jpg,5,/storage/users/multicog/mehul/RealismGuidance/output/checkpoints/batch/2026-04-21-23-23-20/19043__17917/n08/img/19043__17917__final__s05__combined.png,/storage/users/multicog/mehul/RealismGuidance/output/checkpoints/batch/2026-04-21-23-23-20/19043__17917/n08/img/19043__17917__final__s05.png
/storage/users/multicog/mehul/RealismGuidance/data/source/19043.jpg,/storage/users/multicog/mehul/RealismGuidance/data/target/17917.jpg,6,/storage/users/multicog/mehul/RealismGuidance/output/checkpoints/batch/2026-04-21-23-23-20/19043__17917/n08/img/19043__17917__final__s06__combined.png,/storage/users/multicog/mehul/RealismGuidance/output/checkpoints/batch/2026-04-21-23-23-20/19043__17917/n08/img/19043__17917__final__s06.png
/storage/users/multicog/mehul/RealismGuidance/data/source/19043.jpg,/storage/users/multicog/mehul/RealismGuidance/data/target/17917.jpg,7,/storage/users/multicog/mehul/RealismGuidance/output/checkpoints/batch/2026-04-21-23-23-20/19043__17917/n08/img/19043__17917__final__s07__combined.png,/storage/users/multicog/mehul/RealismGuidance/output/checkpoints/batch/2026-04-21-23-23-20/19043__17917/n08/img/19043__17917__final__s07.png
/storage/users/multicog/mehul/RealismGuidance/data/source/06205.jpg,/storage/users/multicog/mehul/RealismGuidance/data/target/24133.jpg,0,/storage/users/multicog/mehul/RealismGuidance/output/checkpoints/batch/2026-04-21-23-23-20/06205__24133/n08/img/06205__24133__final__s00__combined.png,/storage/users/multicog/mehul/RealismGuidance/output/checkpoints/batch/2026-04-21-23-23-20/06205__24133/n08/img/06205__24133__final__s00.png
/storage/users/multicog/mehul/RealismGuidance/data/source/06205.jpg,/storage/users/multicog/mehul/RealismGuidance/data/target/24133.jpg,1,/storage/users/multicog/mehul/RealismGuidance/output/checkpoints/batch/2026-04-21-23-23-20/06205__24133/n08/img/06205__24133__final__s01__combined.png,/storage/users/multicog/mehul/RealismGuidance/output/checkpoints/batch/2026-04-21-23-23-20/06205__24133/n08/img/06205__24133__final__s01.png
/storage/users/multicog/mehul/RealismGuidance/data/source/06205.jpg,/storage/users/multicog/mehul/RealismGuidance/data/target/24133.jpg,2,/storage/users/multicog/mehul/RealismGuidance/output/checkpoints/batch/2026-04-21-23-23-20/06205__24133/n08/img/06205__24133__final__s02__combined.png,/storage/users/multicog/mehul/RealismGuidance/output/checkpoints/batch/2026-04-21-23-23-20/06205__24133/n08/img/06205__24133__final__s02.png
/storage/users/multicog/mehul/RealismGuidance/data/source/06205.jpg,/storage/users/multicog/mehul/RealismGuidance/data/target/24133.jpg,3,/storage/users/multicog/mehul/RealismGuidance/output/checkpoints/batch/2026-04-21-23-23-20/06205__24133/n08/img/06205__24133__final__s03__combined.png,/storage/users/multicog/mehul/RealismGuidance/output/checkpoints/batch/2026-04-21-23-23-20/06205__24133/n08/img/06205__24133__final__s03.png
/storage/users/multicog/mehul/RealismGuidance/data/source/06205.jpg,/storage/users/multicog/mehul/RealismGuidance/data/target/24133.jpg,4,/storage/users/multicog/mehul/RealismGuidance/output/checkpoints/batch/2026-04-21-23-23-20/06205__24133/n08/img/06205__24133__final__s04__combined.png,/storage/users/multicog/mehul/RealismGuidance/output/checkpoints/batch/2026-04-21-23-23-20/06205__24133/n08/img/06205__24133__final__s04.png
/storage/users/multicog/mehul/RealismGuidance/data/source/06205.jpg,/storage/users/multicog/mehul/RealismGuidance/data/target/24133.jpg,5,/storage/users/multicog/mehul/RealismGuidance/output/checkpoints/batch/2026-04-21-23-23-20/06205__24133/n08/img/06205__24133__final__s05__combined.png,/storage/users/multicog/mehul/RealismGuidance/output/checkpoints/batch/2026-04-21-23-23-20/06205__24133/n08/img/06205__24133__final__s05.png
/storage/users/multicog/mehul/RealismGuidance/data/source/06205.jpg,/storage/users/multicog/mehul/RealismGuidance/data/target/24133.jpg,6,/storage/users/multicog/mehul/RealismGuidance/output/checkpoints/batch/2026-04-21-23-23-20/06205__24133/n08/img/06205__24133__final__s06__combined.png,/storage/users/multicog/mehul/RealismGuidance/output/checkpoints/batch/2026-04-21-23-23-20/06205__24133/n08/img/06205__24133__final__s06.png
/storage/users/multicog/mehul/RealismGuidance/data/source/06205.jpg,/storage/users/multicog/mehul/RealismGuidance/data/target/24133.jpg,7,/storage/users/multicog/mehul/RealismGuidance/output/checkpoints/batch/2026-04-21-23-23-20/06205__24133/n08/img/06205__24133__final__s07__combined.png,/storage/users/multicog/mehul/RealismGuidance/output/checkpoints/batch/2026-04-21-23-23-20/06205__24133/n08/img/06205__24133__final__s07.png
/storage/users/multicog/mehul/RealismGuidance/data/source/22432.jpg,/storage/users/multicog/mehul/RealismGuidance/data/target/20859.jpg,0,/storage/users/multicog/mehul/RealismGuidance/output/checkpoints/batch/2026-04-21-23-23-20/22432__20859/n08/img/22432__20859__final__s00__combined.png,/storage/users/multicog/mehul/RealismGuidance/output/checkpoints/batch/2026-04-21-23-23-20/22432__20859/n08/img/22432__20859__final__s00.png
/storage/users/multicog/mehul/RealismGuidance/data/source/22432.jpg,/storage/users/multicog/mehul/RealismGuidance/data/target/20859.jpg,1,/storage/users/multicog/mehul/RealismGuidance/output/checkpoints/batch/2026-04-21-23-23-20/22432__20859/n08/img/22432__20859__final__s01__combined.png,/storage/users/multicog/mehul/RealismGuidance/output/checkpoints/batch/2026-04-21-23-23-20/22432__20859/n08/img/22432__20859__final__s01.png
/storage/users/multicog/mehul/RealismGuidance/data/source/22432.jpg,/storage/users/multicog/mehul/RealismGuidance/data/target/20859.jpg,2,/storage/users/multicog/mehul/RealismGuidance/output/checkpoints/batch/2026-04-21-23-23-20/22432__20859/n08/img/22432__20859__final__s02__combined.png,/storage/users/multicog/mehul/RealismGuidance/output/checkpoints/batch/2026-04-21-23-23-20/22432__20859/n08/img/22432__20859__final__s02.png
/storage/users/multicog/mehul/RealismGuidance/data/source/22432.jpg,/storage/users/multicog/mehul/RealismGuidance/data/target/20859.jpg,3,/storage/users/multicog/mehul/RealismGuidance/output/checkpoints/batch/2026-04-21-23-23-20/22432__20859/n08/img/22432__20859__final__s03__combined.png,/storage/users/multicog/mehul/RealismGuidance/output/checkpoints/batch/2026-04-21-23-23-20/22432__20859/n08/img/22432__20859__final__s03.png
/storage/users/multicog/mehul/RealismGuidance/data/source/22432.jpg,/storage/users/multicog/mehul/RealismGuidance/data/target/20859.jpg,4,/storage/users/multicog/mehul/RealismGuidance/output/checkpoints/batch/2026-04-21-23-23-20/22432__20859/n08/img/22432__20859__final__s04__combined.png,/storage/users/multicog/mehul/RealismGuidance/output/checkpoints/batch/2026-04-21-23-23-20/22432__20859/n08/img/22432__20859__final__s04.png
/storage/users/multicog/mehul/RealismGuidance/data/source/22432.jpg,/storage/users/multicog/mehul/RealismGuidance/data/target/20859.jpg,5,/storage/users/multicog/mehul/RealismGuidance/output/checkpoints/batch/2026-04-21-23-23-20/22432__20859/n08/img/22432__20859__final__s05__combined.png,/storage/users/multicog/mehul/RealismGuidance/output/checkpoints/batch/2026-04-21-23-23-20/22432__20859/n08/img/22432__20859__final__s05.png
/storage/users/multicog/mehul/RealismGuidance/data/source/22432.jpg,/storage/users/multicog/mehul/RealismGuidance/data/target/20859.jpg,6,/storage/users/multicog/mehul/RealismGuidance/output/checkpoints/batch/2026-04-21-23-23-20/22432__20859/n08/img/22432__20859__final__s06__combined.png,/storage/users/multicog/mehul/RealismGuidance/output/checkpoints/batch/2026-04-21-23-23-20/22432__20859/n08/img/22432__20859__final__s06.png
/storage/users/multicog/mehul/RealismGuidance/data/source/22432.jpg,/storage/users/multicog/mehul/RealismGuidance/data/target/20859.jpg,7,/storage/users/multicog/mehul/RealismGuidance/output/checkpoints/batch/2026-04-21-23-23-20/22432__20859/n08/img/22432__20859__final__s07__combined.png,/storage/users/multicog/mehul/RealismGuidance/output/checkpoints/batch/2026-04-21-23-23-20/22432__20859/n08/img/22432__20859__final__s07.png
/storage/users/multicog/mehul/RealismGuidance/data/source/11479.jpg,/storage/users/multicog/mehul/RealismGuidance/data/target/04259.jpg,0,/storage/users/multicog/mehul/RealismGuidance/output/checkpoints/batch/2026-04-21-23-23-20/11479__04259/n08/img/11479__04259__final__s00__combined.png,/storage/users/multicog/mehul/RealismGuidance/output/checkpoints/batch/2026-04-21-23-23-20/11479__04259/n08/img/11479__04259__final__s00.png
/storage/users/multicog/mehul/RealismGuidance/data/source/11479.jpg,/storage/users/multicog/mehul/RealismGuidance/data/target/04259.jpg,1,/storage/users/multicog/mehul/RealismGuidance/output/checkpoints/batch/2026-04-21-23-23-20/11479__04259/n08/img/11479__04259__final__s01__combined.png,/storage/users/multicog/mehul/RealismGuidance/output/checkpoints/batch/2026-04-21-23-23-20/11479__04259/n08/img/11479__04259__final__s01.png
/storage/users/multicog/mehul/RealismGuidance/data/source/11479.jpg,/storage/users/multicog/mehul/RealismGuidance/data/target/04259.jpg,2,/storage/users/multicog/mehul/RealismGuidance/output/checkpoints/batch/2026-04-21-23-23-20/11479__04259/n08/img/11479__04259__final__s02__combined.png,/storage/users/multicog/mehul/RealismGuidance/output/checkpoints/batch/2026-04-21-23-23-20/11479__04259/n08/img/11479__04259__final__s02.png
/storage/users/multicog/mehul/RealismGuidance/data/source/11479.jpg,/storage/users/multicog/mehul/RealismGuidance/data/target/04259.jpg,3,/storage/users/multicog/mehul/RealismGuidance/output/checkpoints/batch/2026-04-21-23-23-20/11479__04259/n08/img/11479__04259__final__s03__combined.png,/storage/users/multicog/mehul/RealismGuidance/output/checkpoints/batch/2026-04-21-23-23-20/11479__04259/n08/img/11479__04259__final__s03.png
/storage/users/multicog/mehul/RealismGuidance/data/source/11479.jpg,/storage/users/multicog/mehul/RealismGuidance/data/target/04259.jpg,4,/storage/users/multicog/mehul/RealismGuidance/output/checkpoints/batch/2026-04-21-23-23-20/11479__04259/n08/img/11479__04259__final__s04__combined.png,/storage/users/multicog/mehul/RealismGuidance/output/checkpoints/batch/2026-04-21-23-23-20/11479__04259/n08/img/11479__04259__final__s04.png
/storage/users/multicog/mehul/RealismGuidance/data/source/11479.jpg,/storage/users/multicog/mehul/RealismGuidance/data/target/04259.jpg,5,/storage/users/multicog/mehul/RealismGuidance/output/checkpoints/batch/2026-04-21-23-23-20/11479__04259/n08/img/11479__04259__final__s05__combined.png,/storage/users/multicog/mehul/RealismGuidance/output/checkpoints/batch/2026-04-21-23-23-20/11479__04259/n08/img/11479__04259__final__s05.png
/storage/users/multicog/mehul/RealismGuidance/data/source/11479.jpg,/storage/users/multicog/mehul/RealismGuidance/data/target/04259.jpg,6,/storage/users/multicog/mehul/RealismGuidance/output/checkpoints/batch/2026-04-21-23-23-20/11479__04259/n08/img/11479__04259__final__s06__combined.png,/storage/users/multicog/mehul/RealismGuidance/output/checkpoints/batch/2026-04-21-23-23-20/11479__04259/n08/img/11479__04259__final__s06.png
/storage/users/multicog/mehul/RealismGuidance/data/source/11479.jpg,/storage/users/multicog/mehul/RealismGuidance/data/target/04259.jpg,7,/storage/users/multicog/mehul/RealismGuidance/output/checkpoints/batch/2026-04-21-23-23-20/11479__04259/n08/img/11479__04259__final__s07__combined.png,/storage/users/multicog/mehul/RealismGuidance/output/checkpoints/batch/2026-04-21-23-23-20/11479__04259/n08/img/11479__04259__final__s07.png
/storage/users/multicog/mehul/RealismGuidance/data/source/00907.jpg,/storage/users/multicog/mehul/RealismGuidance/data/target/04364.jpg,0,/storage/users/multicog/mehul/RealismGuidance/output/checkpoints/batch/2026-04-21-23-23-20/00907__04364/n08/img/00907__04364__final__s00__combined.png,/storage/users/multicog/mehul/RealismGuidance/output/checkpoints/batch/2026-04-21-23-23-20/00907__04364/n08/img/00907__04364__final__s00.png
/storage/users/multicog/mehul/RealismGuidance/data/source/00907.jpg,/storage/users/multicog/mehul/RealismGuidance/data/target/04364.jpg,1,/storage/users/multicog/mehul/RealismGuidance/output/checkpoints/batch/2026-04-21-23-23-20/00907__04364/n08/img/00907__04364__final__s01__combined.png,/storage/users/multicog/mehul/RealismGuidance/output/checkpoints/batch/2026-04-21-23-23-20/00907__04364/n08/img/00907__04364__final__s01.png
/storage/users/multicog/mehul/RealismGuidance/data/source/00907.jpg,/storage/users/multicog/mehul/RealismGuidance/data/target/04364.jpg,2,/storage/users/multicog/mehul/RealismGuidance/output/checkpoints/batch/2026-04-21-23-23-20/00907__04364/n08/img/00907__04364__final__s02__combined.png,/storage/users/multicog/mehul/RealismGuidance/output/checkpoints/batch/2026-04-21-23-23-20/00907__04364/n08/img/00907__04364__final__s02.png
/storage/users/multicog/mehul/RealismGuidance/data/source/00907.jpg,/storage/users/multicog/mehul/RealismGuidance/data/target/04364.jpg,3,/storage/users/multicog/mehul/RealismGuidance/output/checkpoints/batch/2026-04-21-23-23-20/00907__04364/n08/img/00907__04364__final__s03__combined.png,/storage/users/multicog/mehul/RealismGuidance/output/checkpoints/batch/2026-04-21-23-23-20/00907__04364/n08/img/00907__04364__final__s03.png
/storage/users/multicog/mehul/RealismGuidance/data/source/00907.jpg,/storage/users/multicog/mehul/RealismGuidance/data/target/04364.jpg,4,/storage/users/multicog/mehul/RealismGuidance/output/checkpoints/batch/2026-04-21-23-23-20/00907__04364/n08/img/00907__04364__final__s04__combined.png,/storage/users/multicog/mehul/RealismGuidance/output/checkpoints/batch/2026-04-21-23-23-20/00907__04364/n08/img/00907__04364__final__s04.png
/storage/users/multicog/mehul/RealismGuidance/data/source/00907.jpg,/storage/users/multicog/mehul/RealismGuidance/data/target/04364.jpg,5,/storage/users/multicog/mehul/RealismGuidance/output/checkpoints/batch/2026-04-21-23-23-20/00907__04364/n08/img/00907__04364__final__s05__combined.png,/storage/users/multicog/mehul/RealismGuidance/output/checkpoints/batch/2026-04-21-23-23-20/00907__04364/n08/img/00907__04364__final__s05.png
/storage/users/multicog/mehul/RealismGuidance/data/source/00907.jpg,/storage/users/multicog/mehul/RealismGuidance/data/target/04364.jpg,6,/storage/users/multicog/mehul/RealismGuidance/output/checkpoints/batch/2026-04-21-23-23-20/00907__04364/n08/img/00907__04364__final__s06__combined.png,/storage/users/multicog/mehul/RealismGuidance/output/checkpoints/batch/2026-04-21-23-23-20/00907__04364/n08/img/00907__04364__final__s06.png
/storage/users/multicog/mehul/RealismGuidance/data/source/00907.jpg,/storage/users/multicog/mehul/RealismGuidance/data/target/04364.jpg,7,/storage/users/multicog/mehul/RealismGuidance/output/checkpoints/batch/2026-04-21-23-23-20/00907__04364/n08/img/00907__04364__final__s07__combined.png,/storage/users/multicog/mehul/RealismGuidance/output/checkpoints/batch/2026-04-21-23-23-20/00907__04364/n08/img/00907__04364__final__s07.png
/storage/users/multicog/mehul/RealismGuidance/data/source/01300.jpg,/storage/users/multicog/mehul/RealismGuidance/data/target/15661.jpg,0,/storage/users/multicog/mehul/RealismGuidance/output/checkpoints/batch/2026-04-21-23-23-20/01300__15661/n08/img/01300__15661__final__s00__combined.png,/storage/users/multicog/mehul/RealismGuidance/output/checkpoints/batch/2026-04-21-23-23-20/01300__15661/n08/img/01300__15661__final__s00.png
/storage/users/multicog/mehul/RealismGuidance/data/source/01300.jpg,/storage/users/multicog/mehul/RealismGuidance/data/target/15661.jpg,1,/storage/users/multicog/mehul/RealismGuidance/output/checkpoints/batch/2026-04-21-23-23-20/01300__15661/n08/img/01300__15661__final__s01__combined.png,/storage/users/multicog/mehul/RealismGuidance/output/checkpoints/batch/2026-04-21-23-23-20/01300__15661/n08/img/01300__15661__final__s01.png
/storage/users/multicog/mehul/RealismGuidance/data/source/01300.jpg,/storage/users/multicog/mehul/RealismGuidance/data/target/15661.jpg,2,/storage/users/multicog/mehul/RealismGuidance/output/checkpoints/batch/2026-04-21-23-23-20/01300__15661/n08/img/01300__15661__final__s02__combined.png,/storage/users/multicog/mehul/RealismGuidance/output/checkpoints/batch/2026-04-21-23-23-20/01300__15661/n08/img/01300__15661__final__s02.png
/storage/users/multicog/mehul/RealismGuidance/data/source/01300.jpg,/storage/users/multicog/mehul/RealismGuidance/data/target/15661.jpg,3,/storage/users/multicog/mehul/RealismGuidance/output/checkpoints/batch/2026-04-21-23-23-20/01300__15661/n08/img/01300__15661__final__s03__combined.png,/storage/users/multicog/mehul/RealismGuidance/output/checkpoints/batch/2026-04-21-23-23-20/01300__15661/n08/img/01300__15661__final__s03.png
/storage/users/multicog/mehul/RealismGuidance/data/source/01300.jpg,/storage/users/multicog/mehul/RealismGuidance/data/target/15661.jpg,4,/storage/users/multicog/mehul/RealismGuidance/output/checkpoints/batch/2026-04-21-23-23-20/01300__15661/n08/img/01300__15661__final__s04__combined.png,/storage/users/multicog/mehul/RealismGuidance/output/checkpoints/batch/2026-04-21-23-23-20/01300__15661/n08/img/01300__15661__final__s04.png
/storage/users/multicog/mehul/RealismGuidance/data/source/01300.jpg,/storage/users/multicog/mehul/RealismGuidance/data/target/15661.jpg,5,/storage/users/multicog/mehul/RealismGuidance/output/checkpoints/batch/2026-04-21-23-23-20/01300__15661/n08/img/01300__15661__final__s05__combined.png,/storage/users/multicog/mehul/RealismGuidance/output/checkpoints/batch/2026-04-21-23-23-20/01300__15661/n08/img/01300__15661__final__s05.png
/storage/users/multicog/mehul/RealismGuidance/data/source/01300.jpg,/storage/users/multicog/mehul/RealismGuidance/data/target/15661.jpg,6,/storage/users/multicog/mehul/RealismGuidance/output/checkpoints/batch/2026-04-21-23-23-20/01300__15661/n08/img/01300__15661__final__s06__combined.png,/storage/users/multicog/mehul/RealismGuidance/output/checkpoints/batch/2026-04-21-23-23-20/01300__15661/n08/img/01300__15661__final__s06.png
/storage/users/multicog/mehul/RealismGuidance/data/source/01300.jpg,/storage/users/multicog/mehul/RealismGuidance/data/target/15661.jpg,7,/storage/users/multicog/mehul/RealismGuidance/output/checkpoints/batch/2026-04-21-23-23-20/01300__15661/n08/img/01300__15661__final__s07__combined.png,/storage/users/multicog/mehul/RealismGuidance/output/checkpoints/batch/2026-04-21-23-23-20/01300__15661/n08/img/01300__15661__final__s07.png
/storage/users/multicog/mehul/RealismGuidance/data/source/15653.jpg,/storage/users/multicog/mehul/RealismGuidance/data/target/23130.jpg,0,/storage/users/multicog/mehul/RealismGuidance/output/checkpoints/batch/2026-04-21-23-23-20/15653__23130/n08/img/15653__23130__final__s00__combined.png,/storage/users/multicog/mehul/RealismGuidance/output/checkpoints/batch/2026-04-21-23-23-20/15653__23130/n08/img/15653__23130__final__s00.png
/storage/users/multicog/mehul/RealismGuidance/data/source/15653.jpg,/storage/users/multicog/mehul/RealismGuidance/data/target/23130.jpg,1,/storage/users/multicog/mehul/RealismGuidance/output/checkpoints/batch/2026-04-21-23-23-20/15653__23130/n08/img/15653__23130__final__s01__combined.png,/storage/users/multicog/mehul/RealismGuidance/output/checkpoints/batch/2026-04-21-23-23-20/15653__23130/n08/img/15653__23130__final__s01.png
/storage/users/multicog/mehul/RealismGuidance/data/source/15653.jpg,/storage/users/multicog/mehul/RealismGuidance/data/target/23130.jpg,2,/storage/users/multicog/mehul/RealismGuidance/output/checkpoints/batch/2026-04-21-23-23-20/15653__23130/n08/img/15653__23130__final__s02__combined.png,/storage/users/multicog/mehul/RealismGuidance/output/checkpoints/batch/2026-04-21-23-23-20/15653__23130/n08/img/15653__23130__final__s02.png
/storage/users/multicog/mehul/RealismGuidance/data/source/15653.jpg,/storage/users/multicog/mehul/RealismGuidance/data/target/23130.jpg,3,/storage/users/multicog/mehul/RealismGuidance/output/checkpoints/batch/2026-04-21-23-23-20/15653__23130/n08/img/15653__23130__final__s03__combined.png,/storage/users/multicog/mehul/RealismGuidance/output/checkpoints/batch/2026-04-21-23-23-20/15653__23130/n08/img/15653__23130__final__s03.png
/storage/users/multicog/mehul/RealismGuidance/data/source/15653.jpg,/storage/users/multicog/mehul/RealismGuidance/data/target/23130.jpg,4,/storage/users/multicog/mehul/RealismGuidance/output/checkpoints/batch/2026-04-21-23-23-20/15653__23130/n08/img/15653__23130__final__s04__combined.png,/storage/users/multicog/mehul/RealismGuidance/output/checkpoints/batch/2026-04-21-23-23-20/15653__23130/n08/img/15653__23130__final__s04.png
/storage/users/multicog/mehul/RealismGuidance/data/source/15653.jpg,/storage/users/multicog/mehul/RealismGuidance/data/target/23130.jpg,5,/storage/users/multicog/mehul/RealismGuidance/output/checkpoints/batch/2026-04-21-23-23-20/15653__23130/n08/img/15653__23130__final__s05__combined.png,/storage/users/multicog/mehul/RealismGuidance/output/checkpoints/batch/2026-04-21-23-23-20/15653__23130/n08/img/15653__23130__final__s05.png
/storage/users/multicog/mehul/RealismGuidance/data/source/15653.jpg,/storage/users/multicog/mehul/RealismGuidance/data/target/23130.jpg,6,/storage/users/multicog/mehul/RealismGuidance/output/checkpoints/batch/2026-04-21-23-23-20/15653__23130/n08/img/15653__23130__final__s06__combined.png,/storage/users/multicog/mehul/RealismGuidance/output/checkpoints/batch/2026-04-21-23-23-20/15653__23130/n08/img/15653__23130__final__s06.png
/storage/users/multicog/mehul/RealismGuidance/data/source/15653.jpg,/storage/users/multicog/mehul/RealismGuidance/data/target/23130.jpg,7,/storage/users/multicog/mehul/RealismGuidance/output/checkpoints/batch/2026-04-21-23-23-20/15653__23130/n08/img/15653__23130__final__s07__combined.png,/storage/users/multicog/mehul/RealismGuidance/output/checkpoints/batch/2026-04-21-23-23-20/15653__23130/n08/img/15653__23130__final__s07.png
